[1,["ecpdLyjvZBwrvm+cedCcQy","a2MjXRFdtLlYQ5ouAFv/+R","2auoJYJ4pJ2I0/n84Jc4xZ","e7q6FL+VZEgLJUjVeDLic/","312JYturtOx74Zjp9UpOqZ","c3eu0hcCxAlrhj71PmGcwe","3ae7efMv1CLq2ilvUY/tQi","29FYIk+N1GYaeWH/q1NxQO","a7LMmMkCZK6IyecF1uoetz","71VhFCTINJM6/Ky3oX9nBT","02kcE0s9pAmLe145ftvpR/","d9/lU7piVA7aC7yGd3pPpL","f3C8+eTOBOEaQPvrKWX/3N","16hsVY8URNTqmnaYHcmEvQ","6fipUkbNFMCZ4sz9elgDOB","557uE1KmJMopHQPTFbFNLM","367yiiMDlCdoA2ORl6kZly","b7n86vszRJs5De8KDR64LA","ddDRZQIR5OWLgpsFIO4BUE","e4lTb4+4dNYpoIbmXy3qc+","c6igaQWtJEAoJCtSHOb/QK","e0lEbfZw5KRrW8bqcIUNmf","d3kMkKqYxAjaWf7YB/3/je","aamRnT1zZJCpWwVwAErKDE","71OhuMRFZFBKX+miWftTgw","74c9YezuhEv6I2RRf+aqGF","734RaVcjpBjbvy3O9yScQ9","f9XgAg5dJHxbxYx6+Ij3Uo","a7lbYTUgpA9rsEPZ5ffgfy","23K9ehJFxCZLWqO+/5mq7E","02delMVqdBD70a/HSD99FK","ad82XrictIR6UbLk9lvVSD","a14bT9akNIyYELtmADi3Jp","921TIwKYtMz4xnDDqC6HCy","e1XWSNdDZKELYqXhelYCdh","21T3aP14tEqKs8LEcutpg4","59ec1CRP9Oj44f/l37wm5g","65I23cXzNJP6gw8kaxGiGy","acsxIW2XBCZ7fX0O+6C2iW","f6gJ1dlX1Bmq4rw64FasFV","56fc2Ai/RFNYpaMT8crweK","ea8bjHw3JL8Iie1z26wOgx"],["node","_spriteFrame","_textureSetter","_N$file","_parent","target","_N$handle","_normalMaterial","_N$normalSprite","_N$pressedSprite","_N$hoverSprite","_N$disabledSprite","root","cubeRootNode","threeDCamera","gameUI","threeDNode","data","cubePrefab","_grayMaterial"],[["cc.Node",["_name","_is3DNode","_active","_groupIndex","_opacity","_objFlags","_prefab","_contentSize","_parent","_components","_trs","_children","_color","_eulerAngles"],-3,4,5,1,9,7,2,5,5],"cc.SpriteFrame",["cc.Label",["_string","_N$horizontalAlign","_N$verticalAlign","_isSystemFontUsed","_fontSize","_lineHeight","_N$overflow","_N$cacheMode","node","_materials","_N$file"],-5,1,3,6],["cc.Widget",["alignMode","_alignFlags","_left","_enabled","_originalWidth","_originalHeight","_top","_right","node"],-5,1],["cc.Node",["_name","_is3DNode","_groupIndex","_active","_opacity","_parent","_components","_prefab","_contentSize","_children","_color"],-2,1,2,4,5,2,5],["cc.Sprite",["_sizeMode","_type","node","_materials","_spriteFrame"],1,1,3,6],["cc.Node",["_name","_is3DNode","_objFlags","_parent","_prefab","_trs","_children","_components","_contentSize"],0,1,4,7,12,12,5],["cc.PrefabInfo",["fileId","root","asset"],2,1,1],["cc.Layout",["_resize","_N$layoutType","_N$spacingX","node","_layoutSize"],0,1,5],["98a0fVwvJlC27C+XRVM1mZS",["isNeedScale","node","touchEndEvents"],2,1,9],["cc.Camera",["_cullingMask","_depth","_farClip","_ortho","_renderStages","_alignWithScreen","_nearClip","node"],-4,1],["cc.Button",["zoomScale","_N$interactable","_N$enableAutoGrayEffect","node","clickEvents","_N$pressedColor","_N$disabledColor","_N$target"],0,1,9,5,5,1],["cc.Prefab",["_name"],2],["246c2OOkGlKHoa6ZJOVEHI+",["node"],3,1],["cc.Mask",["_N$alphaThreshold","node","_materials"],2,1,3],["cc.BlockInputEvents",["node"],3,1],["7af02EPP/BOs5jB1F8+Z9kE",["node","threeDNode","gameUI","threeDCamera","cubeRootNode","addMinus","img_huangbian"],3,1,1,1,1,1,1,12],["0ccc7AgbEVFBIAWgd69Ebr0",["node","touchStartEvents","touchMovingEvents","touchEndEvents"],3,1,9,9,9],["cc.ClickEvent",["_componentId","handler","target"],1,1],["cc.Slider",["_N$progress","node","slideEvents","_N$handle"],2,1,9,1],["888f7crmYBPp5pwHHEmIA6V",["node","cubeRootNode","secondStepBigCube","sliderRotate","sliderMerge"],3,1,1,2,1,1],["cc.Light",["_type","_intensity","_range","_shadowMaxDepth","_shadowFrustumSize","node"],-2,1],["3f05fPAQipNXooynbRVeysu",["node","threeDNode","addMinus","img_huangbian","lbl_count","sliderRotate","sliderMerge","lbl_gongshi1","gongshi_2"],3,1,1,1,1,1,1,1,1,1]],[[7,0,1,2,2],[5,0,2,3,4,2],[18,0,1,2,3],[0,0,1,8,9,6,12,7,10,3],[0,0,8,9,6,12,7,10,2],[0,0,8,11,9,6,7,10,2],[5,1,0,2,3,4,3],[0,0,4,8,9,6,12,7,10,3],[2,0,3,1,2,8,9,10,5],[3,0,1,8,3],[3,0,1,7,8,4],[0,0,8,9,6,7,2],[0,0,1,8,6,3],[3,0,1,2,8,4],[15,0,1],[9,1,2,1],[3,3,0,1,4,5,8,6],[2,0,3,1,2,6,8,9,10,6],[11,3,4,1],[0,0,8,9,6,12,7,2],[5,2,3,4,1],[9,0,1,2,2],[0,0,11,9,6,7,2],[0,0,2,8,11,9,6,7,10,3],[0,0,11,6,7,10,2],[0,0,1,11,6,3],[0,0,2,4,8,9,6,12,7,10,4],[0,0,5,8,9,6,7,3],[0,0,5,8,9,6,12,7,10,3],[6,0,2,3,7,4,8,5,3],[8,0,1,3,4,3],[19,0,1,2,3,2],[2,0,4,5,3,1,2,8,9,10,7],[2,0,4,5,1,2,6,7,8,9,8],[2,0,4,5,3,1,2,8,9,7],[11,0,1,2,3,5,6,7,4],[12,0,2],[0,0,11,9,6,7,10,2],[0,0,2,11,9,6,7,10,3],[0,0,1,11,6,7,3],[0,0,1,11,6,7,10,13,3],[0,0,1,11,6,7,10,3],[0,0,11,6,7,2],[0,0,2,1,8,11,6,10,4],[0,0,2,8,9,6,7,3],[0,0,2,8,11,6,3],[0,0,1,3,8,9,6,10,13,4],[0,0,1,8,11,6,3],[0,0,1,3,8,9,6,4],[0,0,1,3,8,9,6,12,7,10,4],[0,0,1,8,9,6,12,7,3],[0,0,8,9,6,10,2],[0,0,3,8,9,6,7,10,3],[4,0,5,9,6,7,2],[4,0,1,2,5,9,6,7,8,4],[4,0,5,6,7,8,2],[4,0,3,4,5,6,7,10,8,4],[6,0,1,3,6,4,5,3],[13,0,1],[14,0,1,2,2],[7,1,2,1],[8,0,1,2,3,4,4],[5,2,3,1],[16,0,1,2,3,4,5,6,1],[17,0,1,2,3,1],[3,0,1,2,6,8,5],[20,0,1,2,3,4,1],[10,0,1,2,3,4,5,7,7],[10,0,1,6,7,4],[2,0,4,5,1,2,8,9,6],[21,0,1,2,3,4,5,6],[22,0,1,2,3,4,5,6,7,8,1]],[[[{"name":"btn_xuanzhuan_disabled","rect":[0,0,150,152],"offset":[0,0],"originalSize":[150,152],"capInsets":[0,0,0,0]}],[1],0,[0],[2],[8]],[[{"name":"default_btn_disabled","rect":[0,0,40,40],"offset":[0,0],"originalSize":[40,40],"capInsets":[12,12,12,12]}],[1],0,[0],[2],[9]],[[{"name":"default_scrollbar","rect":[0,0,30,15],"offset":[0,0],"originalSize":[30,15],"capInsets":[10,4,10,4]}],[1],0,[0],[2],[10]],[[[36,"GamePanel"],[22,"GamePanel",[-5,-6,-7,-8,-9],[[58,-2],[59,0,-3,[126]],[14,-4]],[60,-1,0],[5,2048,1152]],[53,"GameUI",1,[-11,-12,-13,-14,-15,-16,-17,-18,-19],[-10],[0,"7fwmXqldBOcpxDFIbGNZOL",1,0]],[37,"top",[-21,-22,-23,-24,-25,-26,-27],[[30,1,1,-20,[5,338.63,50]]],[0,"dcNJJKAWpPb5nF++WlDr4D",1,0],[5,338.63,50],[0,26.700000000000003,0,0,0,0,1,1,1,1]],[38,"addMinus",false,[-29,-30,-31],[[20,-28,[58],59]],[0,"40Jery619IELcAjwhCIJzw",1,0],[5,144,66],[53.021,-86.362,0,0,0,0,1,1,1,1]],[11,"GameLayer",1,[[63,-37,-36,-35,-34,-33,4,[[-32,null,null],1,0,0]],[64,-41,[[2,"7af02EPP/BOs5jB1F8+Z9kE","onDragStart",-40]],[[2,"7af02EPP/BOs5jB1F8+Z9kE","onDragMove",-39]],[[2,"7af02EPP/BOs5jB1F8+Z9kE","onDragEnd",-38]]]],[0,"c4mMrnxcVICaVyRbbrIKWY",1,0],[5,2048,1152]],[54,"3DNode",true,1,1,[-43,-44,-45,-46],[-42],[0,"femVNt2H1OXKSi9MMB/L1f",1,0],[5,2048,1152]],[39,"top",true,[-47,-48,-49,-50,-51],[0,"3dnIXhDfJDfKsjzx5cA+9J",1,0],[5,100,0]],[40,"bottom",true,[-52,-53,-54,-55,-56],[0,"3dHYdZQW9L2ar39ijMiRqd",1,0],[5,0,100],[5.381,-335.595,0,0,0,-0.21643961393810288,0.9762960071199334,1,1,1],[1,0,0,-25]],[41,"right",true,[-57,-58,-59,-60,-61],[0,"58IZXnJElMx4oWO4Ux6GD8",1,0],[5,0,100],[230.899,0,0,0,0,0,1,1,1,1]],[23,"New Slider",false,2,[-64,-65],[[31,0,-63,[[2,"3f05fPAQipNXooynbRVeysu","onSlideRotate",2]],-62]],[0,"7afMXKliBKJLWpcvxhUemg",1,0],[5,300,20],[-694.683,87.125,0,0,0,0,1,1,1,1]],[23,"New Slider",false,2,[-68,-69],[[31,0,-67,[[2,"3f05fPAQipNXooynbRVeysu","onSlideMerge",2]],-66]],[0,"62mUz/PRtChapWpI4prKnW",1,0],[5,300,20],[-694.683,-78.684,0,0,0,0,1,1,1,1]],[5,"changeSize",2,[-71,4,-72,-73],[[6,1,0,-70,[88],89]],[0,"63TgxdMGlF+KFDemptilgX",1,0],[5,287,98],[-819.136,487,0,0,0,0,1,1,1,1]],[42,"top",[-74,-75,-76,-77,-78],[0,"8cs0sOTPRKdKpku0G81AGu",1,0],[5,100,0]],[24,"right",[-79,-80,-81,-82,-83],[0,"1fsE+V0+JI9IMbNQuyd42P",1,0],[5,0,100],[135.47,0,0,0,0,0,1,1,1,1]],[24,"bottom",[-84,-85,-86,-87,-88],[0,"5c/XyhcMlMFp86DI//tF2i",1,0],[5,0,100],[135.47,-139.172,0,0,0,0,1,1,1,1]],[57,"cubeRootNode",true,6,[[[12,"firstStep",true,-89,[0,"2f6VCpr5NDebIXLD+4p8IJ",1,0]],-90],4,1],[0,"06bdePNMtNwIJy5MArgo/3",1,0],[0,-7,-25,0,0,0,1,0.9,0.9,0.9]],[5,"New Sprite(Splash)",12,[-93,-94],[[1,0,-91,[63],64],[21,false,-92,[[2,"3f05fPAQipNXooynbRVeysu","onClick_count",2]]]],[0,"0bcdOulmtDLpXzBv8VDu27",1,0],[5,80,72],[53.021,0,0,0,0,0,1,1,1,1]],[22,"gongshi_2",[-96,-97],[[61,1,1,10,-95,[5,436.9,200]]],[0,"a07Ea/DRtN67jJ676vQEHv",1,0],[5,436.9,200]],[5,"gongshi_2",18,[3,-99,-100],[[30,1,2,-98,[5,300,103.4]]],[0,"d52n9oKo1BUqE6TBNlTk3a",1,0],[5,300,103.4],[68.45,0,0,0,0,0,1,1,1,1]],[25,"top",true,[-101,-102,-103],[0,"dazkbAy4FP5oHs4qUVYX7J",1,0]],[25,"bottom",true,[-104,-105,-106],[0,"36Jx6W60FNrJor20A2iKE1",1,0]],[43,"zuobiao_node",false,true,6,[7,8,9],[0,"a1vb0RtNlJP6FI8UO0Icxl",1,0],[0,-7,-25,0,0,0,1,0.03,0.03,0.03]],[29,"Handle",512,11,[[[6,1,2,-107,[32],33],-108],4,1],[0,"4dLoApF0NMvJbSbiWKRgsJ",1,0],[5,32,32],[-150,0,0,0,0,0,1,1,1,0]],[5,"btnCopy",2,[-111],[[15,-109,[[2,"3f05fPAQipNXooynbRVeysu","onClickBtnCopy",2]]],[1,0,-110,[36],37]],[0,"25r/X7N/tPdbl0YYPIZhsx",1,0],[5,150,152],[-912.95,243.459,0,0,0,0,1,1,1,1]],[11,"disable",24,[[6,1,0,-112,[34],35],[16,false,0,45,100,40,-113],[14,-114]],[0,"3eJk27yGJBi7NithvKBhWr",1,0],[5,150,152]],[5,"btnRotate",2,[-117],[[15,-115,[[2,"3f05fPAQipNXooynbRVeysu","onClickRotate",2]]],[1,0,-116,[40],41]],[0,"97HW85PyVMvavSJJEQuGui",1,0],[5,150,152],[-912.95,87.125,0,0,0,0,1,1,1,1]],[11,"disable",26,[[6,1,0,-118,[38],39],[16,false,0,45,100,40,-119],[14,-120]],[0,"eenoDEZlhBYamo/21OHbek",1,0],[5,150,152]],[5,"btnMerge",2,[-123],[[15,-121,[[2,"3f05fPAQipNXooynbRVeysu","onClickMerge",2]]],[1,0,-122,[44],45]],[0,"e8aol45C5FAJBJwzYrWlR/",1,0],[5,150,152],[-912.95,-78.684,0,0,0,0,1,1,1,1]],[11,"disable",28,[[6,1,0,-124,[42],43],[16,false,0,45,100,40,-125],[14,-126]],[0,"3fDjEuhhNEUoEk4FpAHVWE",1,0],[5,150,152]],[5,"btnZuobiao",2,[-129],[[15,-127,[[2,"3f05fPAQipNXooynbRVeysu","onClickShowZuoBiao",2]]],[1,0,-128,[48],49]],[0,"e1iZbh1fNBYYy5xdLJfyQq",1,0],[5,150,152],[-912.95,-244.493,0,0,0,0,1,1,1,1]],[11,"disable",30,[[6,1,0,-130,[46],47],[16,false,0,45,100,40,-131],[14,-132]],[0,"82rOEgCbxLBbuPJDWQcx8F",1,0],[5,150,152]],[5,"btnBack",2,[-135],[[15,-133,[[2,"3f05fPAQipNXooynbRVeysu","onClickBtnBack",2]]],[1,0,-134,[52],53]],[0,"bdaO3NYNdJTL53zP2S0cmd",1,0],[5,150,152],[-912.95,-396.089,0,0,0,0,1,1,1,1]],[11,"disable",32,[[6,1,0,-136,[50],51],[16,false,0,45,100,40,-137],[14,-138]],[0,"e2fL8csSFNYq9GvICSMdJr",1,0],[5,150,152]],[44,"img_huangbian",false,17,[[20,-139,[60],61]],[0,"884kQkZohEb6i3pxvibBky",1,0],[5,94,86]],[5,"gongshi_bg",12,[-141,18],[[6,1,0,-140,[86],87]],[0,"69fu1HhEdE461etR5JAxJI",1,0],[5,1600,98],[1010.438,0,0,0,0,0,1,1,1,1]],[45,"zuobiao_node",false,2,[13,14,15],[0,"05jFdE5+1JVrZMuS17Iqgy",1,0]],[29,"Handle",512,10,[[[6,1,2,-142,[122],123],-143],4,1],[0,"3bMjxhPwxMLJ5sd1nyIdue",1,0],[5,32,32],[-150,0,0,0,0,0,1,1,1,0]],[66,6,16,[-144,-145,-146,-147,-148,-149],10,11],[46,"3DCamera",true,1,6,[[67,-6,-2,1024,false,3,false,-150]],[0,"bdDevzoYZJPrUcACBB1zO5",1,0],[0,0,0,-0.13052619222005157,0,0,0.9914448613738104,1,1,1],[1,-15,0,0]],[47,"secondStep",true,16,[20,21],[0,"ea70jwox5IsbLFJ4TsImRe",1,0]],[3,"New Sprite(Splash)",true,7,[[1,0,-151,[0],1],[9,2,8,-152]],[0,"ab9RrQripE06kYmdBgBiDB",1,0],[4,4278190080],[5,3,30],[-48.5,0,0,0,0,0,1,1,1,1]],[3,"line_1",true,7,[[1,0,-153,[2],3],[9,2,8,-154]],[0,"66FiGF5K1GcZAKHwcFRQXn",1,0],[4,4278190080],[5,30,3],[-35,0,0,0,0,0,1,1,1,1]],[3,"line_2",true,7,[[1,0,-155,[4],5],[9,2,32,-156]],[0,"01HTpJV1JBLZA5HUP/DgW3",1,0],[4,4278190080],[5,30,3],[35,0,0,0,0,0,1,1,1,1]],[3,"New Sprite(Splash) copy",true,7,[[1,0,-157,[6],7],[9,2,32,-158]],[0,"d9HWiHoXJNmLvG7xT3Q13o",1,0],[4,4278190080],[5,3,30],[48.5,0,0,0,0,0,1,1,1,1]],[3,"New Sprite(Splash)",true,8,[[1,0,-159,[10],11],[13,2,1,-25,-160]],[0,"a8eQyTg+1Ki48KYnUUGG83",1,0],[4,4278190080],[5,30,3],[0,48.5,0,0,0,0,1,1,1,1]],[3,"line_1",true,8,[[1,0,-161,[12],13],[65,2,1,-1.5,0.4380000000000024,-162]],[0,"4apz2WLXdG5bIAZS4K5ESr",1,0],[4,4278190080],[5,3,30],[0,34.562,0,0,0,0,1,1,1,1]],[3,"line_2",true,8,[[1,0,-163,[14],15],[10,2,4,-1.5,-164]],[0,"23NRjswK9FqYH6wZhRHbut",1,0],[4,4278190080],[5,3,30],[0,-35,0,0,0,0,1,1,1,1]],[3,"New Sprite(Splash) copy",true,8,[[1,0,-165,[16],17],[10,2,4,-25,-166]],[0,"37IFFZKYlAr7ZS1RaKG4Pr",1,0],[4,4278190080],[5,30,3],[0,-48.5,0,0,0,0,1,1,1,1]],[3,"New Sprite(Splash)",true,9,[[1,0,-167,[20],21],[13,2,1,-25,-168]],[0,"13xyi6ZHFOOJNs9Y+h4Mxa",1,0],[4,4278190080],[5,30,3],[0,48.5,0,0,0,0,1,1,1,1]],[3,"line_1",true,9,[[1,0,-169,[22],23],[13,2,1,-1.5,-170]],[0,"4760YCmQFD8J65SzkZq5jt",1,0],[4,4278190080],[5,3,30],[0,35,0,0,0,0,1,1,1,1]],[3,"line_2",true,9,[[1,0,-171,[24],25],[10,2,4,-1.5,-172]],[0,"5fODQgmVFLvYYSbFW5h4Am",1,0],[4,4278190080],[5,3,30],[0,-35,0,0,0,0,1,1,1,1]],[3,"New Sprite(Splash) copy",true,9,[[1,0,-173,[26],27],[10,2,4,-25,-174]],[0,"99I2+v3XJGtLffhm1xUJSq",1,0],[4,4278190080],[5,30,3],[0,-48.5,0,0,0,0,1,1,1,1]],[5,"btnMinusSize",4,[-176],[[21,false,-175,[[2,"3f05fPAQipNXooynbRVeysu","onClickMinus",2]]]],[0,"2eCNtF75lA9ZweQM6HiQ3M",1,0],[5,70,66],[-35.559,0,0,0,0,0,1,1,1,1]],[5,"btnAddSize",4,[-178],[[21,false,-177,[[2,"3f05fPAQipNXooynbRVeysu","onClickAdd",2]]]],[0,"fdP2gyWllBeLPaNkPle0ug",1,0],[5,70,66],[35.559,0,0,0,0,0,1,1,1,1]],[7,"btn_1",150,3,[[17,"8+1",false,1,1,1,-179,[70],71],[18,-180,[[2,"3f05fPAQipNXooynbRVeysu","onclick_1",2]]]],[0,"5c/wBLMlRCSKtSdalMYaJk",1,0],[4,4278190080],[5,90,50.4],[-66.03500000000001,0,0,0,0,0,1,1,1,1]],[26,"btn_1_1",false,150,3,[[17,"8+1",false,1,1,1,-181,[72],73],[18,-182,[[2,"3f05fPAQipNXooynbRVeysu","onclick_1_1",2]]]],[0,"b06tEtgOhDJbuj5kd8gV9K",1,0],[4,4278190080],[5,90,50.4],[-21.035000000000025,0,0,0,0,0,1,1,1,1]],[7,"btn_2",150,3,[[17,"nx2+1",false,1,1,1,-183,[76],77],[18,-184,[[2,"3f05fPAQipNXooynbRVeysu","onclick_2",2]]]],[0,"efSf3hvGxHE5BRqMHMV/m3",1,0],[4,4278190080],[5,130,50.4],[90.95499999999998,0,0,0,0,0,1,1,1,1]],[26,"btn_2_2",false,150,3,[[17,"nx2+1",false,1,1,1,-185,[78],79],[18,-186,[[2,"3f05fPAQipNXooynbRVeysu","onclick_2_2",2]]]],[0,"99kfc8aUtKqab8/7DGWkJ+",1,0],[4,4278190080],[5,130,50.4],[155.95499999999998,0,0,0,0,0,1,1,1,1]],[4,"New Sprite(Splash)",13,[[1,0,-187,[90],91],[9,2,8,-188]],[0,"e47n04tfBLWqaldVM9w0Qe",1,0],[4,4278190080],[5,3,50],[-48.5,0,0,0,0,0,1,1,1,1]],[4,"New Sprite(Splash) copy",13,[[1,0,-189,[92],93],[9,2,8,-190]],[0,"59KWyvvBBJHofpLMFLdOqU",1,0],[4,4278190080],[5,30,3],[-35,0,0,0,0,0,1,1,1,1]],[4,"New Sprite(Splash) copy",13,[[1,0,-191,[94],95],[9,2,32,-192]],[0,"5dHhKQHq1HfpGTnszKoiq7",1,0],[4,4278190080],[5,30,3],[35,0,0,0,0,0,1,1,1,1]],[4,"New Sprite(Splash) copy",13,[[1,0,-193,[96],97],[9,2,32,-194]],[0,"54OqrdlsBN5ZPq1N9LlItC",1,0],[4,4278190080],[5,3,50],[48.5,0,0,0,0,0,1,1,1,1]],[4,"New Sprite(Splash)",14,[[1,0,-195,[100],101],[13,2,1,-25,-196]],[0,"e23J22DXhA84gLThMl0lHd",1,0],[4,4278190080],[5,50,3],[0,48.5,0,0,0,0,1,1,1,1]],[4,"New Sprite(Splash) copy",14,[[1,0,-197,[102],103],[13,2,1,-1.5,-198]],[0,"2frhIWQ1FDzZI+HCv+Krel",1,0],[4,4278190080],[5,3,30],[0,35,0,0,0,0,1,1,1,1]],[4,"New Sprite(Splash) copy",14,[[1,0,-199,[104],105],[10,2,4,-1.5,-200]],[0,"9028/rPHNIPLz7TJQ0nWfk",1,0],[4,4278190080],[5,3,30],[0,-35,0,0,0,0,1,1,1,1]],[4,"New Sprite(Splash) copy",14,[[1,0,-201,[106],107],[10,2,4,-25,-202]],[0,"a2D0B495dLK7AGtLhO97kk",1,0],[4,4278190080],[5,50,3],[0,-48.5,0,0,0,0,1,1,1,1]],[4,"New Sprite(Splash)",15,[[1,0,-203,[110],111],[13,2,1,-25,-204]],[0,"34qiSklyFA9L4XLXPYm3tz",1,0],[4,4278190080],[5,50,3],[0,48.5,0,0,0,0,1,1,1,1]],[4,"New Sprite(Splash) copy",15,[[1,0,-205,[112],113],[13,2,1,-1.5,-206]],[0,"79ljb/CoFNHKVSVyivZZN+",1,0],[4,4278190080],[5,3,30],[0,35,0,0,0,0,1,1,1,1]],[4,"New Sprite(Splash) copy",15,[[1,0,-207,[114],115],[10,2,4,-1.5,-208]],[0,"1b/QPyeL9PPov1RyW84kkW",1,0],[4,4278190080],[5,3,30],[0,-35,0,0,0,0,1,1,1,1]],[4,"New Sprite(Splash) copy",15,[[1,0,-209,[116],117],[10,2,4,-25,-210]],[0,"17jkm9tFZGJ6L6Be0N3UVA",1,0],[4,4278190080],[5,50,3],[-31.092,-48.5,0,0,0,0,1,1,1,1]],[48,"New Ambient Light",true,1,6,[[70,3,1.4,1,1000,50,-211]],[0,"2d1s3SXJxBBrzbtfbo3blk",1,0]],[12,"secondStep_0",true,20,[0,"a0G5klODhGo7JrVn3s1YPc",1,0]],[12,"secondStep_1",true,20,[0,"64WUnEBh9Hw7+VSKJFFXZ0",1,0]],[12,"secondStep_2",true,20,[0,"37dNJFqPFHqaSCBzC4n77g",1,0]],[12,"secondStep_3",true,21,[0,"47fYkGuydBHbV6HcmzQX3y",1,0]],[12,"secondStep_4",true,21,[0,"e2p6iy98hA0aBC5Apyh2Fu",1,0]],[12,"secondStep_5",true,21,[0,"d64dOsHjdOy6JUrttq43Dv",1,0]],[49,"lbl_count",true,1,7,[[32,"2",80,80,false,1,1,-212,[8],9]],[0,"06lz0/VdBERoVnNQ0kzJkw",1,0],[4,4278190080],[5,45.63,100.8],[0,0,0,0,0,0,1,0.5,0.5,0.5]],[3,"lbl_count",true,8,[[8,"2",false,1,1,-213,[18],19]],[0,"79YKf3OtxBOLfp2VM1bHo/",1,0],[4,4278190080],[5,22.81,50.4],[-7.464,0,0,0,0,0,1,1,1,1]],[50,"lbl_count",true,9,[[8,"2",false,1,1,-214,[28],29]],[0,"06DUFYuCpEx7+Dfbyj9UQw",1,0],[4,4278190080],[5,22.81,50.4]],[27,"Background",512,11,[[6,1,0,-215,[30],31]],[0,"a1tvZ4OtRI05oMU5tbmx7c",1,0],[5,300,20]],[35,1.1,false,true,23,[4,4294967295],[4,4294967295],23],[7,"New Label",150,12,[[69,"n =",60,60,1,1,-216,[54]]],[0,"58mFZ0hW1N9aBNJn/7UrMq",1,0],[4,4278190080],[5,85.08,75.6],[-44.052,0,0,0,0,0,1,1,1,1]],[28,"Label",512,53,[[33,"-",61,61,1,1,1,1,-217,[55]]],[0,"b8g4atZQxAPbapxCBU0sN0",1,0],[4,4293825568],[5,100,40],[0,5,0,0,0,0,1,1,1,1]],[28,"Label",512,54,[[33,"+",61,61,1,1,1,1,-218,[56]]],[0,"38T9CS4shDQ5enDaJ8iYTM",1,0],[4,4293825568],[5,100,40],[0,2,0,0,0,0,1,1,1,1]],[11,"img_xian",4,[[62,-219,[57]]],[0,"e51uWRalhE94YN/Xgy2nI+",1,0],[5,3,53]],[55,"New Label",17,[-220],[0,"dbn/W78vNCx5DxtFxQYBGL",1,0],[5,27.38,60.48]],[34,"2",48,48,false,1,1,87,[62]],[56,"gongshi",false,150,35,[-221],[0,"b98+NIuntGl66hzlSdkDNn",1,0],[4,4278190080],[5,148.8,75.6]],[34,"1²+2²",60,60,false,1,1,89,[65]],[7,"gongshi_1",150,18,[[32,"Label",50,50,false,1,1,-222,[66],67]],[0,"4c0BLnYu5BNJC3A8HQbRX9",1,0],[4,4278190080],[5,126.9,63],[-155,0,0,0,0,0,1,1,1,1]],[7,"first",150,3,[[8,"nx(",false,1,1,-223,[68],69]],[0,"a49WHraNZKRK1WtnVLYDCs",1,0],[4,4278190080],[5,58.28,50.4],[-140.175,0,0,0,0,0,1,1,1,1]],[7,"first copy",150,3,[[8,")x(",false,1,1,-224,[74],75]],[0,"2cGBJJxDFO3J9jFo5OFJa5",1,0],[4,4278190080],[5,46.99,50.4],[2.45999999999999,0,0,0,0,0,1,1,1,1]],[7,"first copy",150,3,[[8,")",false,1,1,-225,[80],81]],[0,"66emANGBRLPI86xMJ8ppQZ",1,0],[4,4278190080],[5,13.36,50.4],[162.635,0,0,0,0,0,1,1,1,1]],[7,"line",150,19,[[1,0,-226,[82],83]],[0,"43uw1whvZHt58N/6x9F4R7",1,0],[4,4278190080],[5,300,3],[0,0.20000000000000284,0,0,0,0,1,1,1,1]],[7,"bottom",150,19,[[8,"6",false,1,1,-227,[84],85]],[0,"d2DhuHbCtDAqIRlEQ6lXF/",1,0],[4,4278190080],[5,22.81,50.4],[0,-26.499999999999996,0,0,0,0,1,1,1,1]],[19,"New Label",13,[[8,"2",false,1,1,-228,[98],99]],[0,"2acvo+MVNJ/rnyATo/35DH",1,0],[4,4278190080],[5,22.81,50.4]],[19,"New Label",14,[[8,"2",false,1,1,-229,[108],109]],[0,"c3J59OykFFpplGDHSnAcXO",1,0],[4,4278190080],[5,22.81,50.4]],[19,"New Label",15,[[8,"2",false,1,1,-230,[118],119]],[0,"edw0wz7QZLxa5/Jmg/Ae2o",1,0],[4,4278190080],[5,22.81,50.4]],[71,2,38,4,34,88,10,11,90,18],[27,"Background",512,10,[[6,1,0,-231,[120],121]],[0,"485lhdG3JOzq5HrRT6U2Ko",1,0],[5,300,20]],[35,1.1,false,true,37,[4,4294967295],[4,4294967295],37],[51,"New 2D Camera",1,[[68,-4,-3,0.1,-232]],[0,"715LGua1xHOpBNdUAV7NF7",1,0],[0,0,554.2562584220408,0,0,0,1,1,1,1]],[52,"bg",2,1,[[20,-233,[124],125]],[0,"47sgK2z51A0KFL/TWcTUei",1,0],[5,2048,1152],[0,0,-635.04831,0,0,0,1,1,1,1]]],0,[0,12,1,0,0,1,0,0,1,0,0,1,0,-1,5,0,-2,103,0,-3,104,0,-4,6,0,-5,2,0,-1,100,0,-1,10,0,-2,11,0,-3,24,0,-4,26,0,-5,28,0,-6,30,0,-7,32,0,-8,12,0,-9,36,0,0,3,0,-1,92,0,-2,55,0,-3,56,0,-4,93,0,-5,57,0,-6,58,0,-7,94,0,0,4,0,-1,53,0,-2,54,0,-3,86,0,-1,34,0,13,16,0,14,39,0,15,100,0,16,38,0,0,5,0,5,5,0,5,5,0,5,5,0,0,5,0,-1,38,0,-1,39,0,-2,71,0,-3,16,0,-4,22,0,-1,41,0,-2,42,0,-3,43,0,-4,44,0,-5,78,0,-1,45,0,-2,46,0,-3,47,0,-4,48,0,-5,79,0,-1,49,0,-2,50,0,-3,51,0,-4,52,0,-5,80,0,6,102,0,0,10,0,-1,101,0,-2,37,0,6,82,0,0,11,0,-1,81,0,-2,23,0,0,12,0,-1,83,0,-3,17,0,-4,35,0,-1,59,0,-2,60,0,-3,61,0,-4,62,0,-5,97,0,-1,63,0,-2,64,0,-3,65,0,-4,66,0,-5,98,0,-1,67,0,-2,68,0,-3,69,0,-4,70,0,-5,99,0,4,16,0,-2,40,0,0,17,0,0,17,0,-1,34,0,-2,87,0,0,18,0,-1,91,0,-2,19,0,0,19,0,-2,95,0,-3,96,0,-1,72,0,-2,73,0,-3,74,0,-1,75,0,-2,76,0,-3,77,0,0,23,0,-2,82,0,0,24,0,0,24,0,-1,25,0,0,25,0,0,25,0,0,25,0,0,26,0,0,26,0,-1,27,0,0,27,0,0,27,0,0,27,0,0,28,0,0,28,0,-1,29,0,0,29,0,0,29,0,0,29,0,0,30,0,0,30,0,-1,31,0,0,31,0,0,31,0,0,31,0,0,32,0,0,32,0,-1,33,0,0,33,0,0,33,0,0,33,0,0,34,0,0,35,0,-1,89,0,0,37,0,-2,102,0,-1,72,0,-2,73,0,-3,74,0,-4,75,0,-5,76,0,-6,77,0,0,39,0,0,41,0,0,41,0,0,42,0,0,42,0,0,43,0,0,43,0,0,44,0,0,44,0,0,45,0,0,45,0,0,46,0,0,46,0,0,47,0,0,47,0,0,48,0,0,48,0,0,49,0,0,49,0,0,50,0,0,50,0,0,51,0,0,51,0,0,52,0,0,52,0,0,53,0,-1,84,0,0,54,0,-1,85,0,0,55,0,0,55,0,0,56,0,0,56,0,0,57,0,0,57,0,0,58,0,0,58,0,0,59,0,0,59,0,0,60,0,0,60,0,0,61,0,0,61,0,0,62,0,0,62,0,0,63,0,0,63,0,0,64,0,0,64,0,0,65,0,0,65,0,0,66,0,0,66,0,0,67,0,0,67,0,0,68,0,0,68,0,0,69,0,0,69,0,0,70,0,0,70,0,0,71,0,0,78,0,0,79,0,0,80,0,0,81,0,0,83,0,0,84,0,0,85,0,0,86,0,-1,88,0,-1,90,0,0,91,0,0,92,0,0,93,0,0,94,0,0,95,0,0,96,0,0,97,0,0,98,0,0,99,0,0,101,0,0,103,0,0,104,0,17,1,3,4,19,4,4,12,7,4,22,8,4,22,9,4,22,13,4,36,14,4,36,15,4,36,18,4,35,20,4,40,21,4,40,233],[0,0,0,0,0,0,0,0,0,0,0,0,0,0,0,0,0,0,0,0,0,0,0,0,0,0,0,0,0,0,0,0,0,0,0,0,0,0,0,0,0,0,0,0,0,0,0,0,0,0,0,0,0,0,0,0,0,0,0,0,0,0,0,0,0,0,0,0,0,0,0,0,0,0,0,0,0,0,0,0,0,0,0,0,0,0,0,0,0,0,0,0,0,0,0,0,0,0,0,0,0,0,0,0,0,0,0,0,0,0,0,0,0,0,0,0,0,0,0,0,0,0,0,0,0,0,0,38,82,82,82,82,82,88,90,102,102,102,102,102,102],[-1,1,-1,1,-1,1,-1,1,-1,3,-1,1,-1,1,-1,1,-1,1,-1,3,-1,1,-1,1,-1,1,-1,1,-1,3,-1,1,-1,1,-1,1,-1,1,-1,1,-1,1,-1,1,-1,1,-1,1,-1,1,-1,1,-1,1,-1,-1,-1,-1,-1,1,-1,1,-1,-1,1,-1,-1,3,-1,3,-1,3,-1,3,-1,3,-1,3,-1,3,-1,3,-1,1,-1,3,-1,1,-1,1,-1,1,-1,1,-1,1,-1,1,-1,3,-1,1,-1,1,-1,1,-1,1,-1,3,-1,1,-1,1,-1,1,-1,1,-1,3,-1,1,-1,1,-1,1,-1,18,7,8,9,10,11,3,3,7,19,8,9,10,11],[0,1,0,1,0,1,0,1,0,2,0,1,0,1,0,1,0,1,0,2,0,1,0,1,0,1,0,1,0,2,0,4,0,3,0,11,0,12,0,13,0,14,0,15,0,16,0,17,0,18,0,19,0,20,0,0,0,0,0,21,0,22,0,0,23,0,0,2,0,2,0,2,0,2,0,2,0,2,0,2,0,2,0,1,0,2,0,5,0,5,0,1,0,1,0,1,0,1,0,2,0,1,0,1,0,1,0,1,0,2,0,1,0,1,0,1,0,1,0,2,0,4,6,3,0,24,0,25,0,3,3,3,7,2,2,0,6,3,3,3,7]],[[{"name":"btn_zhengsi_normal","rect":[0,0,150,152],"offset":[0,0],"originalSize":[150,152],"capInsets":[0,0,0,0]}],[1],0,[0],[2],[26]],[[{"name":"btn_zhengsi_disabled","rect":[0,0,150,152],"offset":[0,0],"originalSize":[150,152],"capInsets":[0,0,0,0]}],[1],0,[0],[2],[27]],[[{"name":"btn_xuanzhuan_normal","rect":[0,0,150,152],"offset":[0,0],"originalSize":[150,152],"capInsets":[0,0,0,0]}],[1],0,[0],[2],[28]],[[{"name":"bg_beijing","rect":[0,0,2048,1152],"offset":[0,0],"originalSize":[2048,1152],"capInsets":[0,0,0,0]}],[1],0,[0],[2],[29]],[[{"name":"default_sprite_splash","rect":[0,0,2,2],"offset":[0,0],"originalSize":[2,2],"capInsets":[0,0,0,0]}],[1],0,[0],[2],[30]],[[{"name":"btn_shuzi_normal","rect":[0,0,80,72],"offset":[0,0],"originalSize":[80,72],"capInsets":[0,0,0,0]}],[1],0,[0],[2],[31]],[[{"name":"btn_ziyou_disabled","rect":[0,0,150,152],"offset":[0,0],"originalSize":[150,152],"capInsets":[0,0,0,0]}],[1],0,[0],[2],[32]],[[{"name":"img_dikuangshang","rect":[0,0,434,98],"offset":[0,0],"originalSize":[434,98],"capInsets":[26,21,24,24]}],[1],0,[0],[2],[33]],[[{"name":"btn_chehui_normal","rect":[0,0,150,152],"offset":[0,0],"originalSize":[150,152],"capInsets":[0,0,0,0]}],[1],0,[0],[2],[34]],[[{"name":"img_huangbian","rect":[0,0,94,86],"offset":[0,0],"originalSize":[94,86],"capInsets":[0,0,0,0]}],[1],0,[0],[2],[35]],[[{"name":"btn_baocun_disabled","rect":[0,0,150,152],"offset":[0,0],"originalSize":[150,152],"capInsets":[0,0,0,0]}],[1],0,[0],[2],[36]],[[{"name":"btn_ziyou_normal","rect":[0,0,150,152],"offset":[0,0],"originalSize":[150,152],"capInsets":[0,0,0,0]}],[1],0,[0],[2],[37]],[[{"name":"btn_jiajian_normal","rect":[0,0,144,66],"offset":[0,0],"originalSize":[144,66],"capInsets":[0,0,0,0]}],[1],0,[0],[2],[38]],[[{"name":"btn_chehui_disabled","rect":[0,0,150,152],"offset":[0,0],"originalSize":[150,152],"capInsets":[0,0,0,0]}],[1],0,[0],[2],[39]],[[{"name":"default_radio_button_off","rect":[3,3,26,26],"offset":[0,0],"originalSize":[32,32],"capInsets":[0,0,0,0]}],[1],0,[0],[2],[40]],[[{"name":"btn_baocun_normal","rect":[0,0,150,152],"offset":[0,0],"originalSize":[150,152],"capInsets":[0,0,0,0]}],[1],0,[0],[2],[41]]]]