[1,["ecpdLyjvZBwrvm+cedCcQy","e7q6FL+VZEgLJUjVeDLic/","1aMvx28L1PZpgPVpKcDKCz","31dyOYhK5DH6xtK1ew1mdi","1b36c3b69","76OlHWMbZC75J0XVSi3dgZ","e97GVMl6JHh5Ml5qEDdSGa","f0BIwQ8D5Ml7nTNQbh1YlS","29FYIk+N1GYaeWH/q1NxQO","9dYAAftfRHJqYpJlnj3tC4","78/dcSo/JEdafSAhXCTM6e","a2MjXRFdtLlYQ5ouAFv/+R","7a/QZLET9IDreTiBfRn2PD","93u2P5heJI+qXs6oddCrFt","58MfI42OJASKcPaEj0RgZp","b4P/PCArtIdIH38t6mlw8Y","e8Ueib+qJEhL6mXAHdnwbi"],["node","_spriteFrame","checkMark","_N$target","_parent","_textureSetter","_N$normalSprite","_N$pressedSprite","_N$hoverSprite","_N$disabledSprite","root","toggle_count","toggle_titleAudio","toggle_replay","toggle_stars","data","_N$skeletonData"],[["cc.Node",["_name","_objFlags","_active","_opacity","_components","_prefab","_contentSize","_parent","_children","_trs","_color","_anchorPoint"],-1,9,4,5,1,2,7,5,5],"cc.SpriteFrame",["cc.Widget",["_alignFlags","_originalWidth","_originalHeight","alignMode","_left","_top","_bottom","_right","node"],-5,1],["cc.Label",["_string","_N$verticalAlign","_N$horizontalAlign","_lineHeight","_fontSize","_enableWrapText","_N$overflow","node","_materials"],-4,1,3],["cc.Sprite",["_sizeMode","_isTrimmedMode","_type","node","_materials","_spriteFrame"],0,1,3,6],["cc.Node",["_name","_children","_components","_prefab","_contentSize","_trs","_parent","_anchorPoint"],2,2,12,4,5,7,1,5],["cc.Node",["_name","_objFlags","_active","_parent","_components","_prefab","_contentSize"],0,1,2,4,5],["cc.PrefabInfo",["fileId","root","asset"],2,1,1],["cc.Layout",["_resize","_N$layoutType","_N$spacingX","node","_layoutSize"],0,1,5],["cc.Toggle",["_N$transition","_N$isChecked","node","_N$normalColor","_N$target","checkMark"],1,1,5,1,1],["cc.Prefab",["_name"],2],["70c27EBmWdPJYtgMQ9dyPZS",["node","toggle_stars","toggle_replay","toggle_titleAudio","toggle_count"],3,1,1,1,1,1],["cc.BlockInputEvents",["node"],3,1],["cc.Button",["_N$transition","node","clickEvents","_N$normalColor","_N$pressedColor","_N$disabledColor","_N$target","_N$normalSprite","_N$pressedSprite","_N$hoverSprite","_N$disabledSprite"],2,1,9,5,5,5,1,6,6,6,6],["cc.ClickEvent",["_componentId","handler","target"],1,1],["75b2dk5WVVO7LtxMPb6Uw7K",["node"],3,1],["cc.ToggleContainer",["node","checkEvents"],3,1,9],["sp.Skeleton",["defaultSkin","defaultAnimation","_preCacheMode","_animationName","node","_materials","_N$skeletonData"],-1,1,3,6],["sp.SkeletonData",["_name","_atlasText","textureNames","_skeletonJson","textures"],-1,3]],[[7,0,1,2,2],[0,0,7,4,5,10,6,9,2],[4,0,1,3,4,5,3],[4,0,1,3,4,3],[0,0,7,8,4,5,6,9,2],[6,0,1,2,3,4,5,6,4],[9,0,1,2,3,4,5,3],[0,0,1,7,8,4,5,6,9,3],[8,0,1,2,3,4,4],[0,0,8,4,5,6,9,2],[0,0,1,7,4,5,6,3],[3,0,2,1,7,8,4],[14,0,1,2,3],[8,0,1,3,4,3],[3,0,3,2,1,7,8,5],[0,0,7,4,5,6,2],[6,0,1,3,4,5,6,3],[2,0,4,8,3],[9,0,2,3,4,5,2],[4,0,3,4,5,2],[3,0,4,3,2,1,7,8,6],[16,0,1,1],[0,0,8,4,5,6,2],[0,0,7,8,4,5,6,11,9,2],[5,0,6,1,2,3,4,7,5,2],[4,2,0,3,4,5,3],[3,0,4,3,5,2,1,6,7,8,8],[13,0,1,2,3,4,5,6,7,8,9,10,2],[0,0,7,4,5,10,6,2],[12,0,1],[2,3,0,4,7,1,2,8,7],[2,0,8,2],[2,0,1,2,8,4],[10,0,2],[0,0,7,8,4,5,10,6,2],[0,0,8,4,5,10,6,9,2],[0,0,2,8,4,5,6,3],[0,0,7,4,5,10,6,11,9,2],[0,0,2,7,8,4,5,6,3],[0,0,3,7,8,4,5,10,3],[0,0,3,7,4,5,10,6,3],[5,0,1,2,3,4,5,2],[11,0,1,2,3,4,1],[7,1,2,1],[2,0,5,6,1,2,8,6],[2,3,0,1,2,8,5],[3,0,1,7,8,3],[15,0,1],[17,0,1,2,3,4,5,6,5],[18,0,1,2,3,4,5]],[[[{"name":"default_radio_button_on","rect":[1,1,30,30],"offset":[0,0],"originalSize":[32,32],"capInsets":[0,0,0,0]}],[1],0,[0],[5],[9]],[[{"name":"btn01","rect":[3,477,50,50],"offset":[0,0],"originalSize":[50,50],"capInsets":[24,23,24,23]}],[1],0,[0],[5],[4]],[[[33,"TeacherPanel"],[22,"TeacherPanel",[-8,-9],[[42,-6,-5,-4,-3,-2],[29,-7]],[43,-1,0],[5,2048,1152]],[41,"New ToggleContainer",[-12,-13,-14,-15,-16,-17,-18],[[-10,[8,1,1,70,-11,[5,770,61]]],1,4],[0,"f5FNb+HXZJiqJlRmwGjkkH",1,0],[5,770,61],[133.751,20,0,0,0,0,1,1.8,1.8,1]],[22,"node_center",[-20,-21,-22,-23,-24,2],[[44,45,80,80,2048,800,-19]],[0,"59b6RM2MRJkYKI7yNbwW9P",1,0],[5,2048,992]],[9,"toggle1",[-29,-30],[[18,3,-27,[4,4292269782],-26,-25],[13,1,1,-28,[5,72,63]]],[0,"3b/yadFA1Lt4x3fIKMOKHD",1,0],[5,72,63],[36,3,0,0,0,0,1,1,1,0]],[9,"toggle1",[-35,-36],[[6,3,false,-33,[4,4292269782],-32,-31],[13,1,1,-34,[5,72,63]]],[0,"05947k6TlGx7eYE2f33suh",1,0],[5,72,63],[138,3,0,0,0,0,1,1,1,0]],[9,"toggle1",[-41,-42],[[18,3,-39,[4,4292269782],-38,-37],[13,1,1,-40,[5,72,63]]],[0,"73nrFqsppKY4ytOIb8/FAa",1,0],[5,72,63],[36,3,0,0,0,0,1,1,1,0]],[9,"toggle1",[-47,-48],[[6,3,false,-45,[4,4292269782],-44,-43],[13,1,1,-46,[5,72,63]]],[0,"b2xRqiRYVCqYL9guZ8GjUa",1,0],[5,72,63],[138,3,0,0,0,0,1,1,1,0]],[9,"toggle1",[-53,-54],[[18,3,-51,[4,4292269782],-50,-49],[13,1,1,-52,[5,72,63]]],[0,"e5AuXNFzxHI4Ilot/ajsLs",1,0],[5,72,63],[36,3,0,0,0,0,1,1,1,0]],[9,"toggle1",[-59,-60],[[6,3,false,-57,[4,4292269782],-56,-55],[13,1,1,-58,[5,72,63]]],[0,"cafzn7oG1G2JwKl25/MqEG",1,0],[5,72,63],[138,3,0,0,0,0,1,1,1,0]],[4,"toggle1",2,[-64,-65,-66],[[18,3,-63,[4,4292269782],-62,-61]],[0,"7cQmvf7KhOpapEFvDZ4w/g",1,0],[5,50,50],[-360,3,0,0,0,0,1,1,1,0]],[4,"toggle1 copy",2,[-70,-71,-72],[[6,3,false,-69,[4,4292269782],-68,-67]],[0,"1agQm51LdDrJLpikoy4g5O",1,0],[5,50,50],[-240,3,0,0,0,0,1,1,1,0]],[4,"toggle1 copy",2,[-76,-77,-78],[[6,3,false,-75,[4,4292269782],-74,-73]],[0,"ddn1kr3ZxOiJV9aAXMeqTX",1,0],[5,50,50],[-120,3,0,0,0,0,1,1,1,0]],[4,"toggle1 copy",2,[-82,-83,-84],[[6,3,false,-81,[4,4292269782],-80,-79]],[0,"10eaMX7xxNmpxOoxhJ2oSI",1,0],[5,50,50],[0,3,0,0,0,0,1,1,1,0]],[4,"toggle1 copy",2,[-88,-89,-90],[[6,3,false,-87,[4,4292269782],-86,-85]],[0,"80+Csr5c9L0bpFLsY7tuR+",1,0],[5,50,50],[120,3,0,0,0,0,1,1,1,0]],[4,"toggle1 copy",2,[-94,-95,-96],[[6,3,false,-93,[4,4292269782],-92,-91]],[0,"75sYzqC2pLo7rW8WGYMIU0",1,0],[5,50,50],[240,3,0,0,0,0,1,1,1,0]],[4,"toggle1 copy",2,[-100,-101,-102],[[6,3,false,-99,[4,4292269782],-98,-97]],[0,"01avuvvNVAe4L84g+zHbrc",1,0],[5,50,50],[360,3,0,0,0,0,1,1,1,0]],[34,"bg",1,[-104,3,-105],[[19,0,-103,[82],83]],[0,"3cXgzTM4dJeZv4LsxNnbZA",1,0],[4,4293914607],[5,2048,1152]],[35,"Background",[-108],[[25,1,0,-106,[5],6],[45,0,45,100,40,-107]],[0,"a5/Hi5mCNLWpRrp9pJAzzg",1,0],[4,4292407642],[5,160,80],[0,0,0,0,0,0,1,1,1,0]],[9,"Background",[-111],[[25,1,0,-109,[12],13],[30,0,45,-0.5,-0.5,100,40,-110]],[0,"edO36nhI9JLrsP9kJ3mOU4",1,0],[5,161,80],[0,0,0,0,0,0,1,1,1,0]],[23,"node_star",3,[-114,-115],[[8,1,1,20,-112,[5,509.67,60]],[17,9,20,-113]],[0,"3aafHjbLNCMpxWzebkwD1S",1,0],[5,509.67,60],[0,0,0.5],[-1004,466,0,0,0,0,1,1,1,1]],[24,"toggleContainer_star",20,[4,5],[[-116,[8,1,1,30,-117,[5,174,63]]],1,4],[0,"0ds0pjjqtKL7sVkdSTtC+K",1,0],[5,174,63],[0,0,0.5],[335.67,-2.52,0,0,0,0,1,1,1,1]],[23,"node_replay",3,[-120,-121],[[8,1,1,20,-118,[5,369,60]],[17,9,610,-119]],[0,"2f5yIeC5RKuqS6ll3UEAdL",1,0],[5,369,60],[0,0,0.5],[-414,466,0,0,0,0,1,1,1,1]],[24,"toggleContainer_replay",22,[6,7],[[-122,[8,1,1,30,-123,[5,174,63]]],1,4],[0,"49YFy0WH1PYLb/Fnqw9ggy",1,0],[5,174,63],[0,0,0.5],[195,-2.52,0,0,0,0,1,1,1,1]],[23,"node_titleAudio",3,[-126,-127],[[8,1,1,20,-124,[5,579,60]],[17,9,1037.804,-125]],[0,"bfdBFGKKRE4JrIlHh0gejk",1,0],[5,579,60],[0,0,0.5],[13.804000000000087,466,0,0,0,0,1,1,1,1]],[24,"toggleContainer_titleAudio",24,[8,9],[[-128,[8,1,1,30,-129,[5,174,63]]],1,4],[0,"4eiAxtNs9OC6WgnTVbU23h",1,0],[5,174,63],[0,0,0.5],[405,-2.52,0,0,0,0,1,1,1,1]],[22,"Background",[-132],[[25,1,0,-130,[76],77],[30,0,45,-0.5,-0.5,100,40,-131]],[0,"07kfEepqBJ/btKbJNsKVkm",1,0],[5,161,60]],[7,"node_top",512,17,[-134,-135],[[31,41,-133]],[0,"11A2JQ0iBOaJWgLEqv2iug",1,0],[5,2048,80],[0,536,0,0,0,0,1,1,1,1]],[4,"New Node",3,[-137,-138],[[8,1,1,200,-136,[5,520,200]]],[0,"cbbAchvDROpKeDAxhzqCrv",1,0],[5,520,200],[0,-392.191,0,0,0,0,1,1,1,1]],[7,"node_bottom",512,17,[-140,-141],[[31,44,-139]],[0,"50fwDQYrpJfI3gy1OxXfhZ",1,0],[5,2048,80],[0,-536,0,0,0,0,1,1,1,1]],[36,"_nd_panel",false,[-143,-144],[[29,-142]],[0,"3a+UBTC8VA5rfwrJ4q+FH5",1,0],[5,2048,1152]],[28,"singleColor",27,[[19,0,-145,[0],1],[32,45,2,2,-146]],[0,"7de09oS+FA7r4+M2OExt8d",1,0],[4,4292335575],[5,2048,80]],[37,"label_title",27,[[46,"题目信息",1,-147,[2]],[17,8,20,-148]],[0,"65+vniGBhLeLhqj+2t91Fq",1,0],[4,4278190080],[5,160,50.4],[0,0,0.5],[-1004,0,0,0,0,0,1,1,1,1]],[4,"_btn_save",28,[18],[[27,3,-149,[[12,"70c27EBmWdPJYtgMQ9dyPZS","onBtnSaveClicked",1]],[4,4293322470],[4,4291348680],[4,3363338360],18,7,8,9,10]],[0,"08eTXfDsxJP5XWwX4r1ICd",1,0],[5,160,80],[-180,0,0,0,0,0,1,1,1,1]],[4,"_btn_view",28,[19],[[27,3,-150,[[12,"70c27EBmWdPJYtgMQ9dyPZS","onBtnViewClicked",1]],[4,4293322470],[4,4291348680],[4,3363338360],19,14,15,16,17]],[0,"06o5QRCT1AVZLMXv9lOb1a",1,0],[5,160,80],[180,0,0,0,0,0,1,1,1,1]],[7,"Background",512,4,[-152],[[2,2,false,-151,[20],21]],[0,"33i+1wKb9C8aVmGpFeXuQP",1,0],[5,32,32],[-20,0,0,0,0,0,1,1,1,1]],[7,"Background",512,5,[-154],[[2,2,false,-153,[24],25]],[0,"79TjD7xf9KqYH8NsCIWFdp",1,0],[5,32,32],[-20,0,0,0,0,0,1,1,1,1]],[7,"Background",512,6,[-156],[[2,2,false,-155,[29],30]],[0,"85X52AUQRKGpWuUnQt4UKz",1,0],[5,32,32],[-20,0,0,0,0,0,1,1,1,1]],[7,"Background",512,7,[-158],[[2,2,false,-157,[33],34]],[0,"e7bK7AmEVO5pG/bw1DlVVI",1,0],[5,32,32],[-20,0,0,0,0,0,1,1,1,1]],[7,"Background",512,8,[-160],[[2,2,false,-159,[38],39]],[0,"70ZzOg6KVJD6OBMhr/+x3S",1,0],[5,32,32],[-20,0,0,0,0,0,1,1,1,1]],[7,"Background",512,9,[-162],[[2,2,false,-161,[42],43]],[0,"cf2dAMQr5JHJjWXdBUM79k",1,0],[5,32,32],[-20,0,0,0,0,0,1,1,1,1]],[28,"singleColor",29,[[19,0,-163,[73],74],[32,45,2,2,-164]],[0,"77PwX0fu5JfoFenvb8ob9j",1,0],[4,4292335575],[5,2048,80]],[38,"btnView",false,29,[26],[[27,3,-165,[[12,"70c27EBmWdPJYtgMQ9dyPZS","onBtnViewClicked",1]],[4,4293322470],[4,4291348680],[4,3363338360],26,78,79,80,81]],[0,"e76Cos7ctI5r1e3xMvtuls",1,0],[5,160,60]],[39,"nd_loading",150,1,[30],[[47,-166]],[0,"c2d/qF5qZDY6vvhJG1XOsJ",1,0],[4,4278190080]],[1,"label",3,[[20,"n的数量：",80,80,1,1,-167,[3]]],[0,"d8M7uIKwFKybNdtR6eBdZM",1,0],[4,4278190080],[5,364.49,100.8],[-750.883,20,0,0,0,0,1,1,1,1]],[15,"Label",18,[[26,"保存",45,50,false,1,1,1,-168,[4]]],[0,"a2Bwp2OHlN9IUAJcFtYnbM",1,0],[5,100,50]],[15,"Label",19,[[26,"预览",45,50,false,1,1,1,-169,[11]]],[0,"ceAuNjA8JFTZpXoSI4ZCKl",1,0],[5,100,50]],[1,"New Label",20,[[20,"星级评判OverTips：",35,45,1,1,-170,[18]]],[0,"fe9FFJp9hGTrmtaH674fUn",1,0],[4,4278190080],[5,315.67,56.7],[157.835,0,0,0,0,0,1,1,1,1]],[16,"checkmark",512,35,[-171],[0,"c90/SHaqRL4raNTl4Vh+OE",1,0],[5,32,32]],[3,2,false,48,[19]],[1,"New Label",4,[[14,"开",50,1,1,-172,[22]]],[0,"fdCyc5ldFA0ZHeftsVKF4o",1,0],[4,4278190080],[5,40,63],[16,0,0,0,0,0,1,1,1,1]],[5,"checkmark",512,false,36,[-173],[0,"d0spGOgfBMNLFBGLUsJMXB",1,0],[5,32,32]],[3,2,false,51,[23]],[1,"New Label",5,[[14,"关",50,1,1,-174,[26]]],[0,"5e5qmNMz1DbYtTYSwd6QQv",1,0],[4,4278190080],[5,40,63],[16,0,0,0,0,0,1,1,1,1]],[21,21,[[12,"70c27EBmWdPJYtgMQ9dyPZS","onToggleStar",1]]],[1,"New Label",22,[[20,"再玩一次：",35,45,1,1,-175,[27]]],[0,"a0QZG99uRC2LybxkhOwwUl",1,0],[4,4278190080],[5,175,56.7],[87.5,0,0,0,0,0,1,1,1,1]],[16,"checkmark",512,37,[-176],[0,"5d7yJPUHFBD6xBEZqGBsxG",1,0],[5,32,32]],[3,2,false,56,[28]],[1,"New Label",6,[[14,"是",50,1,1,-177,[31]]],[0,"34LLLB/tFG3qh+b7cdrXAM",1,0],[4,4278190080],[5,40,63],[16,0,0,0,0,0,1,1,1,1]],[5,"checkmark",512,false,38,[-178],[0,"b1Xi0uDhxPko+JBquoAGk5",1,0],[5,32,32]],[3,2,false,59,[32]],[1,"New Label",7,[[14,"否",50,1,1,-179,[35]]],[0,"d6g4FPiZ1ACoTBBvzRpBdd",1,0],[4,4278190080],[5,40,63],[16,0,0,0,0,0,1,1,1,1]],[21,23,[[12,"70c27EBmWdPJYtgMQ9dyPZS","onToggleReplay",1]]],[1,"New Label",24,[[20,"是否自动播放题干语音：",35,45,1,1,-180,[36]]],[0,"e4m8mcj+RKvpFvYFuVgVqj",1,0],[4,4278190080],[5,385,56.7],[192.5,0,0,0,0,0,1,1,1,1]],[16,"checkmark",512,39,[-181],[0,"69N4f0+xNES6zntNyHUX8u",1,0],[5,32,32]],[3,2,false,64,[37]],[1,"New Label",8,[[14,"是",50,1,1,-182,[40]]],[0,"891WHUcgxCtKWtbdqyBNXu",1,0],[4,4278190080],[5,40,63],[16,0,0,0,0,0,1,1,1,1]],[5,"checkmark",512,false,40,[-183],[0,"0a7yYKRu1DSIFvoFru1fWP",1,0],[5,32,32]],[3,2,false,67,[41]],[1,"New Label",9,[[14,"否",50,1,1,-184,[44]]],[0,"61Gh1qi0lOjKxSzzeWwOAE",1,0],[4,4278190080],[5,40,63],[16,0,0,0,0,0,1,1,1,1]],[21,25,[[12,"70c27EBmWdPJYtgMQ9dyPZS","onToggleTitleAudio",1]]],[10,"Background",512,10,[[2,0,false,-185,[45],46]],[0,"59ZobsKYJGgog1jqEbbypO",1,0],[5,50,50]],[16,"checkmark",512,10,[-186],[0,"a1tvs7DtRLw4ZVTRC1yySI",1,0],[5,50,50]],[3,0,false,72,[47]],[1,"New Label",10,[[11,"2",1,1,-187,[48]]],[0,"bdt6mDV25PUaQ3IKiXT8uv",1,0],[4,4278190080],[5,22.25,50.4],[45.699,0,0,0,0,0,1,1,1,1]],[10,"Background",512,11,[[2,0,false,-188,[49],50]],[0,"6fau8uEClNBp8RLweVJU1q",1,0],[5,50,50]],[5,"checkmark",512,false,11,[-189],[0,"e9DEqvpoRDk4q7pSBXLvSV",1,0],[5,50,50]],[3,0,false,76,[51]],[1,"New Label",11,[[11,"3",1,1,-190,[52]]],[0,"ccEqvDIRJIhYu700iPV2Js",1,0],[4,4278190080],[5,22.25,50.4],[45.699,0,0,0,0,0,1,1,1,1]],[10,"Background",512,12,[[2,0,false,-191,[53],54]],[0,"b1LpuG+adNsoSpAre9Onrg",1,0],[5,50,50]],[5,"checkmark",512,false,12,[-192],[0,"a6q2pgxA5PfbtR4RbRmaOz",1,0],[5,50,50]],[3,0,false,80,[55]],[1,"New Label",12,[[11,"4",1,1,-193,[56]]],[0,"4cl3SdcuVP6qcJkM6cF7kC",1,0],[4,4278190080],[5,22.25,50.4],[45.699,0,0,0,0,0,1,1,1,1]],[10,"Background",512,13,[[2,0,false,-194,[57],58]],[0,"d0TMQQbBFLwZLs9XFkKaG4",1,0],[5,50,50]],[5,"checkmark",512,false,13,[-195],[0,"4cfgbasuVEFbWGd22FWoMD",1,0],[5,50,50]],[3,0,false,84,[59]],[1,"New Label",13,[[11,"5",1,1,-196,[60]]],[0,"3fmj1AJWFCjJW5dJebms79",1,0],[4,4278190080],[5,22.25,50.4],[45.699,0,0,0,0,0,1,1,1,1]],[10,"Background",512,14,[[2,0,false,-197,[61],62]],[0,"03ppHaFCRA2Y1MOWSoDiNA",1,0],[5,50,50]],[5,"checkmark",512,false,14,[-198],[0,"0aGoK8jlpM+pPWGD4qQnTS",1,0],[5,50,50]],[3,0,false,88,[63]],[1,"New Label",14,[[11,"6",1,1,-199,[64]]],[0,"56lJZJUuhNBo54iwN5uw9r",1,0],[4,4278190080],[5,22.25,50.4],[45.699,0,0,0,0,0,1,1,1,1]],[10,"Background",512,15,[[2,0,false,-200,[65],66]],[0,"abDgzV7OBAPYpL/lw5trJb",1,0],[5,50,50]],[5,"checkmark",512,false,15,[-201],[0,"12SvCK3AZJiY1boZO4Ke4e",1,0],[5,50,50]],[3,0,false,92,[67]],[1,"New Label",15,[[11,"7",1,1,-202,[68]]],[0,"89hc3/hdlKbb37dsJUbFFm",1,0],[4,4278190080],[5,22.25,50.4],[45.699,0,0,0,0,0,1,1,1,1]],[10,"Background",512,16,[[2,0,false,-203,[69],70]],[0,"d3r5qr0E9ATa22SVNC4YQz",1,0],[5,50,50]],[5,"checkmark",512,false,16,[-204],[0,"27TF88HI9LnZLJbBJvMEGu",1,0],[5,50,50]],[3,0,false,96,[71]],[1,"New Label",16,[[11,"8",1,1,-205,[72]]],[0,"b35hxbmwpHBb5lmk8dkAuB",1,0],[4,4278190080],[5,22.25,50.4],[45.699,0,0,0,0,0,1,1,1,1]],[21,2,[[12,"70c27EBmWdPJYtgMQ9dyPZS","onToggleCount",1]]],[15,"Label",26,[[26,"检测",45,50,false,1,1,1,-206,[75]]],[0,"2bXPmAUNlJ+qQAQr3fH4Sr",1,0],[5,100,50]],[40,"img_bg",150,30,[[19,0,-207,[84],85]],[0,"aefYLshfJBm7KFlC57tvR4",1,0],[4,4278190080],[5,2048,1152]],[15,"sp_loading",30,[[48,"default","animation",0,"animation",-208,[86],87]],[0,"e3+YmUkHpJZ6KxOVMLgzVn",1,0],[5,36,36]]],0,[0,10,1,0,11,99,0,12,70,0,13,62,0,14,54,0,0,1,0,0,1,0,-1,17,0,-2,43,0,-1,99,0,0,2,0,-1,10,0,-2,11,0,-3,12,0,-4,13,0,-5,14,0,-6,15,0,-7,16,0,0,3,0,-1,44,0,-2,28,0,-3,20,0,-4,22,0,-5,24,0,2,49,0,3,4,0,0,4,0,0,4,0,-1,35,0,-2,50,0,2,52,0,3,5,0,0,5,0,0,5,0,-1,36,0,-2,53,0,2,57,0,3,6,0,0,6,0,0,6,0,-1,37,0,-2,58,0,2,60,0,3,7,0,0,7,0,0,7,0,-1,38,0,-2,61,0,2,65,0,3,8,0,0,8,0,0,8,0,-1,39,0,-2,66,0,2,68,0,3,9,0,0,9,0,0,9,0,-1,40,0,-2,69,0,2,73,0,3,10,0,0,10,0,-1,71,0,-2,72,0,-3,74,0,2,77,0,3,11,0,0,11,0,-1,75,0,-2,76,0,-3,78,0,2,81,0,3,12,0,0,12,0,-1,79,0,-2,80,0,-3,82,0,2,85,0,3,13,0,0,13,0,-1,83,0,-2,84,0,-3,86,0,2,89,0,3,14,0,0,14,0,-1,87,0,-2,88,0,-3,90,0,2,93,0,3,15,0,0,15,0,-1,91,0,-2,92,0,-3,94,0,2,97,0,3,16,0,0,16,0,-1,95,0,-2,96,0,-3,98,0,0,17,0,-1,27,0,-3,29,0,0,18,0,0,18,0,-1,45,0,0,19,0,0,19,0,-1,46,0,0,20,0,0,20,0,-1,47,0,-2,21,0,-1,54,0,0,21,0,0,22,0,0,22,0,-1,55,0,-2,23,0,-1,62,0,0,23,0,0,24,0,0,24,0,-1,63,0,-2,25,0,-1,70,0,0,25,0,0,26,0,0,26,0,-1,100,0,0,27,0,-1,31,0,-2,32,0,0,28,0,-1,33,0,-2,34,0,0,29,0,-1,41,0,-2,42,0,0,30,0,-1,101,0,-2,102,0,0,31,0,0,31,0,0,32,0,0,32,0,0,33,0,0,34,0,0,35,0,-1,48,0,0,36,0,-1,51,0,0,37,0,-1,56,0,0,38,0,-1,59,0,0,39,0,-1,64,0,0,40,0,-1,67,0,0,41,0,0,41,0,0,42,0,0,43,0,0,44,0,0,45,0,0,46,0,0,47,0,-1,49,0,0,50,0,-1,52,0,0,53,0,0,55,0,-1,57,0,0,58,0,-1,60,0,0,61,0,0,63,0,-1,65,0,0,66,0,-1,68,0,0,69,0,0,71,0,-1,73,0,0,74,0,0,75,0,-1,77,0,0,78,0,0,79,0,-1,81,0,0,82,0,0,83,0,-1,85,0,0,86,0,0,87,0,-1,89,0,0,90,0,0,91,0,-1,93,0,0,94,0,0,95,0,-1,97,0,0,98,0,0,100,0,0,101,0,0,102,0,15,1,2,4,3,3,4,17,4,4,21,5,4,21,6,4,23,7,4,23,8,4,25,9,4,25,18,4,33,19,4,34,26,4,42,30,4,43,208],[0,0,0,0,0,0,0,0,0,0,0,0,0,0,0,0,0,0,0,0,0,0,0,0,0,0,0,0,0,0,0,0,0,0,0,0,0,0,0,0,0,0,0,0,0,0,0,0,0,0,0,0,0,0,0,0,0,0,0,0,0,0,0,0,0,0,0,0,0,0,0,0,0,0,0,0,0,0,0,0,0,0,0,0,0,0,0,0,49,52,57,60,65,68,73,77,81,85,89,93,97],[-1,1,-1,-1,-1,-1,1,6,7,8,9,-1,-1,1,6,7,8,9,-1,-1,-1,1,-1,-1,-1,1,-1,-1,-1,-1,1,-1,-1,-1,1,-1,-1,-1,-1,1,-1,-1,-1,1,-1,-1,1,-1,-1,-1,1,-1,-1,-1,1,-1,-1,-1,1,-1,-1,-1,1,-1,-1,-1,1,-1,-1,-1,1,-1,-1,-1,1,-1,-1,1,6,7,8,9,-1,1,-1,1,-1,16,1,1,1,1,1,1,1,1,1,1,1,1,1],[0,5,0,0,0,0,3,3,6,7,8,0,0,10,3,6,7,8,0,0,0,1,0,0,0,1,0,0,0,0,1,0,0,0,1,0,0,0,0,1,0,0,0,1,0,0,1,0,0,0,1,0,0,0,1,0,0,0,1,0,0,0,1,0,0,0,1,0,0,0,1,0,0,0,5,0,0,3,3,6,7,8,0,5,0,11,12,13,2,2,2,2,2,2,2,2,2,2,2,2,2]],[[{"name":"singleColor","rect":[115,477,2,2],"offset":[0,0],"originalSize":[2,2],"capInsets":[0,0,0,0]}],[1],0,[0],[5],[4]],[[{"name":"btn02","rect":[59,477,50,50],"offset":[0,0],"originalSize":[50,50],"capInsets":[20,19,22,22]}],[1],0,[0],[5],[4]],[[[49,"loading_01","\nloading_01.png\nsize: 64,64\nformat: RGBA8888\nfilter: Linear,Linear\nrepeat: none\npoint_01\n  rotate: false\n  xy: 2, 2\n  size: 36, 36\n  orig: 36, 36\n  offset: 0, 0\n  index: -1\n",["loading_01.png"],{"skeleton":{"hash":"mMZ8e6FVoAMlIt+9ONbFwQhzRlg","spine":"3.7.94","width":36,"height":36,"images":"../images/","audio":""},"bones":[{"name":"root"},{"name":"point_01","parent":"root","length":51.21,"rotation":90},{"name":"point_1","parent":"root","length":51.21,"rotation":90},{"name":"point_2","parent":"root","length":51.21,"rotation":90},{"name":"point_3","parent":"root","length":51.21,"rotation":90},{"name":"point_4","parent":"root","length":51.21,"rotation":90}],"slots":[{"name":"point_01","bone":"point_01","attachment":"point_01"},{"name":"point_1","bone":"point_1","attachment":"point_01"},{"name":"point_2","bone":"point_2","attachment":"point_01"},{"name":"point_3","bone":"point_3","attachment":"point_01"},{"name":"point_4","bone":"point_4","attachment":"point_01"}],"skins":{"default":{"point_01":{"point_01":{"x":100,"rotation":-90,"width":36,"height":36}},"point_1":{"point_01":{"x":100,"scaleX":0.8,"scaleY":0.8,"rotation":-90,"width":36,"height":36}},"point_2":{"point_01":{"x":100,"scaleX":0.7,"scaleY":0.7,"rotation":-90,"width":36,"height":36}},"point_3":{"point_01":{"x":100,"scaleX":0.6,"scaleY":0.6,"rotation":-90,"width":36,"height":36}},"point_4":{"point_01":{"x":100,"scaleX":0.5,"scaleY":0.5,"rotation":-90,"width":36,"height":36}}}},"animations":{"animation":{"bones":{"point_01":{"rotate":[{"time":0,"angle":0},{"time":0.6667,"angle":-179.99},{"time":0.8333,"angle":88.73},{"time":1,"angle":0}]},"point_1":{"rotate":[{"time":0.1,"angle":0},{"time":0.7667,"angle":-179.99},{"time":0.9333,"angle":90},{"time":1.1,"angle":0}]},"point_4":{"rotate":[{"time":0.4,"angle":0},{"time":1.0667,"angle":-179.99},{"time":1.2333,"angle":90},{"time":1.4,"angle":0}]},"point_3":{"rotate":[{"time":0.3,"angle":0},{"time":0.9667,"angle":-179.99},{"time":1.1333,"angle":90},{"time":1.3,"angle":0}]},"point_2":{"rotate":[{"time":0.2,"angle":0},{"time":0.8667,"angle":-179.99},{"time":1.0333,"angle":90},{"time":1.2,"angle":0}]}}}}},[0]]],0,0,[0],[-1],[14]],[[{"name":"default_btn_pressed","rect":[0,0,40,40],"offset":[0,0],"originalSize":[40,40],"capInsets":[12,12,12,12]}],[1],0,[0],[5],[15]],[[{"name":"default_btn_normal","rect":[0,0,40,40],"offset":[0,0],"originalSize":[40,40],"capInsets":[12,12,12,12]}],[1],0,[0],[5],[16]]]]