{"paths":{},"types":[],"uuids":["183f9e654","1dbMz1NT5MEJvcKZuZIJ8R","3dxE1aiidOyrWNiRFMND29","53ihPxzDhJ7aqoXyV3od1L","6ezQNySUpDLYx1vDN0n+L7","91DYkNYalNwbka2me8VBnS","d2swUMqEJPFIT3Mo1OqVSt","0bUf8NCyVOw5ImkWX7cO2w","15xfMuKiJE1ajcG1rVTdzs","30+6XE2mFNQoRxvBCSX9pb","40YpoDiwZBtqVEzCBCNozc","40tAgzFuZEyrlxllQcld4R","4cGUCc50FJN64LTikC9wEh","56nbVzVIdNb55EEEyhselO","5eir4PFQZEvL6d1CS7By2U","76OlHWMbZC75J0XVSi3dgZ","7a/QZLET9IDreTiBfRn2PD","84g4U40z9Hf7BpVQYFlhB4","87J4U6piVEmZZGBf1iJ6L2","a2MjXRFdtLlYQ5ouAFv/+R","afoY72nZNI64QPyDWB0xxk","d2NAKKr7lPioV14lP40bo+","dd5iJ4SXlFNrdysZI/nhy7","e3yb1aGZpADpPUnbsrvFzW","ecpdLyjvZBwrvm+cedCcQy","edxGfl8ItI4KpjNQIP4FWb"],"scenes":{"db://assets/frame/scene/Student.fire":4},"redirect":[16,0,19,1,24,0],"deps":["internal","resources"],"packs":{"0447d5d7d":[7,8,9,10,11,12,13,14,4,15,17,18,20,21,22,23,25],"0738895b4":[0,1,2,3,5,6]},"name":"main","importBase":"import","nativeBase":"native","debug":false,"isZip":false,"encrypted":false,"versions":{"import":["0447d5d7d","cac40","0738895b4","d0519"],"native":[0,"38626",1,"6570a",2,"c09d3",3,"8f6d9",5,"f429d",6,"a17f5"]}}