{"paths":{"0":["audios/点击音效",0],"1":["audios/移动",0],"2":["audios/拼",0],"4":["prefab/ui/Item/levelProgress",1],"5":["prefab/ui/Item/titleBoard",1],"11":["prefab/ui/panel/GamePanel",1],"20":["prefab/ui/Item/cube",1]},"types":["cc.AudioClip","cc.Prefab"],"uuids":["28AH+4CNJGBK3v5ePgu5IR","97aE9A5VFB0JHzYMMPpdo1","ba3ex8F5tH0LvHktM5tCXa","02kcE0s9pAmLe145ftvpR/","07P9T3TBFNdbKyrQ+qqpoR","0fXsoQE5xNN49CN5F+6BzR","155d012e1","21T3aP14tEqKs8LEcutpg4","23K9ehJFxCZLWqO+/5mq7E","2aN1fdLhBG8r9XFUq/ZcP2","2auoJYJ4pJ2I0/n84Jc4xZ","32+FX7rEVKcJkkZSzITPiN","34nveTwF1KvphLLWkQrIaF","37yx7GFMtARJG4VsPS+ieu","56fc2Ai/RFNYpaMT8crweK","59ec1CRP9Oj44f/l37wm5g","5dHeYHwoBBkriZyMMpZEYR","65I23cXzNJP6gw8kaxGiGy","71VhFCTINJM6/Ky3oX9nBT","734RaVcjpBjbvy3O9yScQ9","74c9YezuhEv6I2RRf+aqGF","8dAQ6Cm2dK/KPqvvxdDoL6","921TIwKYtMz4xnDDqC6HCy","9ahZZBBG9MlZoDcnyccExa","9aiwVRiZRHnI3vBZA6heR3","a14bT9akNIyYELtmADi3Jp","a7LMmMkCZK6IyecF1uoetz","a7lbYTUgpA9rsEPZ5ffgfy","a9xCMWJyhCmK8C1CWNXZw+","acsxIW2XBCZ7fX0O+6C2iW","ad82XrictIR6UbLk9lvVSD","e1XWSNdDZKELYqXhelYCdh","ea8bjHw3JL8Iie1z26wOgx","f6gJ1dlX1Bmq4rw64FasFV","f9XgAg5dJHxbxYx6+Ij3Uo","02delMVqdBD70a/HSD99FK","16hsVY8URNTqmnaYHcmEvQ","29FYIk+N1GYaeWH/q1NxQO","312JYturtOx74Zjp9UpOqZ","367yiiMDlCdoA2ORl6kZly","3ae7efMv1CLq2ilvUY/tQi","47t8O2AQJMm5ti7zYMym9W","557uE1KmJMopHQPTFbFNLM","6e435WdodD8rrXDtmZEBhp","6fipUkbNFMCZ4sz9elgDOB","71OhuMRFZFBKX+miWftTgw","7a/QZLET9IDreTiBfRn2PD","81IUWcisVCl5pQ0hqq8L81","a2MjXRFdtLlYQ5ouAFv/+R","aamRnT1zZJCpWwVwAErKDE","abwstieFJFJakN1HRIe4jy","b7n86vszRJs5De8KDR64LA","c3eu0hcCxAlrhj71PmGcwe","c6igaQWtJEAoJCtSHOb/QK","d3kMkKqYxAjaWf7YB/3/je","d5ul8M6vpKEpuc981aVRYt","d9/lU7piVA7aC7yGd3pPpL","ddDRZQIR5OWLgpsFIO4BUE","e0lEbfZw5KRrW8bqcIUNmf","e4lTb4+4dNYpoIbmXy3qc+","e7q6FL+VZEgLJUjVeDLic/","ecpdLyjvZBwrvm+cedCcQy","f3C8+eTOBOEaQPvrKWX/3N","f3fAyUPXtIaYSrkjZDEvX3"],"scenes":{},"redirect":[35,0,40,0,46,0,61,0],"deps":["internal"],"packs":{"03b4ddc05":[4,47],"0bc33f730":[3,6,7,8,9,14,15,17,18,19,22,25,26,27,29,30,31,32,33,34],"0d17e1413":[12,13,16,43,20,21,23,24,28,50,63],"0dc63322a":[36,37,38,11,39,42,44,45,48,49,51,52,53,54,56,57,58,59,60,62],"0ead8e951":[5,41,55]},"name":"resources","importBase":"import","nativeBase":"native","debug":false,"isZip":false,"encrypted":false,"versions":{"import":["03b4ddc05","0c846","0bc33f730","d50a6","0d17e1413","51dfa","0dc63322a","21cb2","0ead8e951","1ec9e",0,"04bfa",10,"3cb10",1,"51552",2,"a4675"],"native":[3,"b7a3e",6,"9b136",7,"218eb",8,"78d50",0,"56f6c",9,"1de51",10,"8a0b6",12,"f09eb",13,"fdd73",14,"5f1d9",15,"b447c",16,"3c44c",17,"1450f",18,"c06a9",19,"6a98f",21,"13125",22,"1b1cc",1,"e852e",23,"787e7",24,"0b0f3",25,"a41b6",26,"9ee1c",27,"17f43",28,"8a1d5",29,"13f20",30,"8fd89",2,"5b21f",31,"7f2c6",32,"f9ca1",33,"d31cb",34,"b2887"]}}