{"paths":{"0":["audios/点击音效",0],"1":["audios/移动",0],"2":["audios/拼",0],"4":["prefab/ui/Item/levelProgress",1],"5":["prefab/ui/Item/titleBoard",1],"11":["prefab/ui/panel/GamePanel",1],"18":["prefab/ui/panel/TeacherPanel",1],"22":["prefab/ui/Item/cube",1]},"types":["cc.AudioClip","cc.Prefab"],"uuids":["28AH+4CNJGBK3v5ePgu5IR","97aE9A5VFB0JHzYMMPpdo1","ba3ex8F5tH0LvHktM5tCXa","02kcE0s9pAmLe145ftvpR/","07P9T3TBFNdbKyrQ+qqpoR","0fXsoQE5xNN49CN5F+6BzR","1b36c3b69","21T3aP14tEqKs8LEcutpg4","23K9ehJFxCZLWqO+/5mq7E","2aN1fdLhBG8r9XFUq/ZcP2","2auoJYJ4pJ2I0/n84Jc4xZ","32+FX7rEVKcJkkZSzITPiN","34nveTwF1KvphLLWkQrIaF","37yx7GFMtARJG4VsPS+ieu","56fc2Ai/RFNYpaMT8crweK","58MfI42OJASKcPaEj0RgZp","59ec1CRP9Oj44f/l37wm5g","5dHeYHwoBBkriZyMMpZEYR","62rz3SUm9N9oHvw7KM9Kh5","65I23cXzNJP6gw8kaxGiGy","71VhFCTINJM6/Ky3oX9nBT","734RaVcjpBjbvy3O9yScQ9","74c9YezuhEv6I2RRf+aqGF","8dAQ6Cm2dK/KPqvvxdDoL6","921TIwKYtMz4xnDDqC6HCy","9ahZZBBG9MlZoDcnyccExa","9aiwVRiZRHnI3vBZA6heR3","9dYAAftfRHJqYpJlnj3tC4","a14bT9akNIyYELtmADi3Jp","a7LMmMkCZK6IyecF1uoetz","a7lbYTUgpA9rsEPZ5ffgfy","a9xCMWJyhCmK8C1CWNXZw+","acsxIW2XBCZ7fX0O+6C2iW","ad82XrictIR6UbLk9lvVSD","b4P/PCArtIdIH38t6mlw8Y","e1XWSNdDZKELYqXhelYCdh","e8Ueib+qJEhL6mXAHdnwbi","ea8bjHw3JL8Iie1z26wOgx","f6gJ1dlX1Bmq4rw64FasFV","f9XgAg5dJHxbxYx6+Ij3Uo","02delMVqdBD70a/HSD99FK","16hsVY8URNTqmnaYHcmEvQ","1aMvx28L1PZpgPVpKcDKCz","29FYIk+N1GYaeWH/q1NxQO","31dyOYhK5DH6xtK1ew1mdi","312JYturtOx74Zjp9UpOqZ","367yiiMDlCdoA2ORl6kZly","3ae7efMv1CLq2ilvUY/tQi","47t8O2AQJMm5ti7zYMym9W","557uE1KmJMopHQPTFbFNLM","6e435WdodD8rrXDtmZEBhp","6fipUkbNFMCZ4sz9elgDOB","71OhuMRFZFBKX+miWftTgw","76OlHWMbZC75J0XVSi3dgZ","78/dcSo/JEdafSAhXCTM6e","7a/QZLET9IDreTiBfRn2PD","81IUWcisVCl5pQ0hqq8L81","93u2P5heJI+qXs6oddCrFt","a2MjXRFdtLlYQ5ouAFv/+R","aamRnT1zZJCpWwVwAErKDE","abwstieFJFJakN1HRIe4jy","b7n86vszRJs5De8KDR64LA","c3eu0hcCxAlrhj71PmGcwe","c6igaQWtJEAoJCtSHOb/QK","d3kMkKqYxAjaWf7YB/3/je","d5ul8M6vpKEpuc981aVRYt","d9/lU7piVA7aC7yGd3pPpL","ddDRZQIR5OWLgpsFIO4BUE","e0lEbfZw5KRrW8bqcIUNmf","e4lTb4+4dNYpoIbmXy3qc+","e7q6FL+VZEgLJUjVeDLic/","e97GVMl6JHh5Ml5qEDdSGa","ecpdLyjvZBwrvm+cedCcQy","f0BIwQ8D5Ml7nTNQbh1YlS","f3C8+eTOBOEaQPvrKWX/3N","f3fAyUPXtIaYSrkjZDEvX3"],"scenes":{},"redirect":[40,0,47,0,55,0,72,0],"deps":["internal"],"packs":{"02667dd65":[3,6,7,8,9,14,15,16,19,20,21,24,27,28,29,30,32,33,34,35,36,37,38,39],"03b4ddc05":[4,56],"085c3c582":[43,58,70],"087f48259":[41,45,11,46,49,51,52,59,61,62,63,64,66,67,68,69,74],"09e20ebb8":[42,44,18,53,54,57,71,73],"0d17e1413":[12,13,17,50,22,23,25,26,31,60,75],"0ead8e951":[5,48,65]},"name":"resources","importBase":"import","nativeBase":"native","debug":false,"isZip":false,"encrypted":false,"versions":{"import":["02667dd65","7de4d","03b4ddc05","056ed","085c3c582","52598","087f48259","df635","09e20ebb8","3128d","0d17e1413","51dfa","0ead8e951","e5357",0,"04bfa",10,"3cb10",1,"51552",2,"a4675"],"native":[3,"b7a3e",6,"8e650",7,"218eb",8,"78d50",0,"56f6c",9,"1de51",10,"8a0b6",12,"f09eb",13,"fdd73",14,"5f1d9",15,"17dd6",16,"b447c",17,"3c44c",19,"1450f",20,"c06a9",21,"6a98f",23,"13125",24,"1b1cc",1,"e852e",25,"787e7",26,"0b0f3",27,"e0234",28,"a41b6",29,"9ee1c",30,"17f43",31,"8a1d5",32,"13f20",33,"8fd89",34,"83fcc",2,"5b21f",35,"7f2c6",36,"90cf4",37,"f9ca1",38,"d31cb",39,"b2887"]}}