{"paths":{"0":["audios/star_great",1],"1":["subject/like/star/perfect_gulugulu",5],"2":["subject/yingyu/overTips/huangseyanhua",5],"3":["audios/sfx_error",1],"4":["spine/overTips/true/true02",6],"5":["spine/overTips/true/true02",5],"6":["audios/sfx_genneg",1],"7":["audios/sfx_buttn",1],"8":["subject/like/star/perfect_pig",6],"9":["spine/overTips/false/false",5],"10":["subject/yingyu/overTips/huangseyanhua",6],"11":["spine/loading/loading_01",5],"12":["subject/like/overTips/rongchi",6],"13":["subject/like/overTips/rongchi",5],"14":["audios/star_perfect",1],"15":["spine/loading/loading_01",6],"16":["spine/load_page/load_page",6],"17":["subject/yingyu/overTips/hongseyanhua",6],"18":["subject/yingyu/overTips/Excellent",6],"19":["audios/sfx_genpos",1],"20":["subject/yuwen/overTips/ni zhen bang",5],"21":["subject/yingyu/overTips/hongseyanhua",5],"22":["subject/yuwen/star/perfect_jingwei",6],"23":["subject/like/star/perfect_gulugulu",6],"24":["audios/over_yingyu",1],"25":["subject/yingyu/overTips/xiaoyanhua",6],"26":["subject/yingyu/star/perfect_dakuan",5],"27":["subject/yingyu/overTips/xiaoyanhua",5],"28":["spine/loading_yingyu/loading",6],"29":["audios/star_good",1],"30":["subject/yingyu/star/perfect_dakuan",6],"31":["subject/yingyu/replay",5],"32":["audios/over_yuwen",1],"33":["subject/yuwen/overTips/ni zhen bang",6],"34":["spine/overTips/false/false",6],"35":["spine/load_jindu/load_jindu",6],"36":["audios/sfx_geupgrd",1],"37":["subject/yuwen/star/perfect_jingwei",5],"38":["subject/like/star/perfect_pig",5],"39":["subject/yingyu/overTips/Excellent",5],"40":["prefab/panel/ErrorPanel",4],"41":["images/loadingUI/yingyu/Img_dian",3,1],"42":["images/OverTips/word",2],"43":["subject/yingyu/replay",3,1],"44":["subject/yingyu/overTips/Excellent",7],"45":["images/StarCount/xiaodi/2",3,1],"46":["images/loadingUI/like/jindu",3,1],"48":["prefab/item/replayBtn",4],"49":["spine/overTips/true/true02",3,1],"50":["spine/overTips/false/false",3,1],"51":["images/StarCount/youxiao/2",3,1],"54":["images/StarCount/youxiao/3",3,1],"55":["spine/loading_yingyu/loading",5],"56":["prefab/panel/StarCount_yuwen",4],"57":["subject/yuwen/overTips/ni zhen bang",3,1],"58":["prefab/panel/maskMgs",4],"59":["images/loadingUI/like/dig-1",3,1],"60":["prefab/panel/OverTips_yingyu",4],"61":["images/loadingUI/yuwen/loading_bg",3,1],"62":["images/MainUI/btn01",3,1],"63":["prefab/panel/AffirmTips",4],"64":["images/MainUI/btn_playAgain_normalbg",3,1],"65":["spine/load_jindu/load_jindu",3,1],"66":["images/MainUI/icon_disconnected",3,1],"67":["images/MainUI/bg_titile",3,1],"68":["subject/like/star/perfect_pig",7],"69":["spine/loading_yingyu/loading",7],"70":["spine/overTips/true/true02",7],"71":["images/StarCount/xiaodi/3",3,1],"72":["spine/load_page/load_page",5],"73":["spine/load_page/load_page",7],"74":["images/loadingUI/yingyu/pg_jindutiao",3,1],"75":["images/loadingUI/yuwen/loading_page",2],"76":["images/StarCount/youxiao/1",3,1],"77":["subject/yuwen/star/perfect_jingwei",3,1],"78":["images/MainUI/toast",3,1],"79":["subject/yingyu/overTips/hongseyanhua",7],"80":["prefab/panel/OverTips_yuwen",4],"81":["images/loadingUI/like/dig",3,1],"82":["prefab/panel/OverTips_like",4],"83":["images/MainUI/u",3,1],"84":["prefab/item/Tip",4],"85":["images/StarCount/xiaodi/0",3,1],"86":["images/MainUI/singleColor",3,1],"87":["images/MainUI/btn02",3,1],"88":["prefab/panel/UploadAndReturnPanel",4],"89":["images/MainUI/levelBoard",3,1],"90":["images/loadingUI/yingyu/loading_bg",3,1],"91":["images/OverTips/img_exit",3,1],"92":["images/MainUI/btn_playAgain_normal",3,1],"93":["spine/loading/loading_01",7],"94":["subject/yuwen/star/perfect_jingwei",7],"95":["prefab/panel/TipUI",4],"96":["images/StarCount/xiaodi/1",3,1],"97":["spine/load_page/load_page",3,1],"98":["subject/yingyu/star/perfect_dakuan",3,1],"99":["images/MainUI/yuanJiao",3,1],"100":["subject/like/star/perfect_gulugulu",7],"101":["images/StarCount/youxiao/0",3,1],"102":["images/MainUI/u2",3,1],"103":["prefab/panel/LoadingUI",4],"104":["animation/loadingDot_yingyu",0],"105":["prefab/panel/StarCount_yingyu",4],"106":["subject/yingyu/star/perfect_dakuan",7],"107":["subject/yingyu/overTips/xiaoyanhua",3,1],"108":["images/AutoAtlas",2],"109":["prefab/panel/SubmissionPanel",4],"110":["spine/overTips/false/false",7],"111":["images/MainUI/icon_forbid",3,1],"112":["spine/loading/loading_01",3,1],"113":["spine/loading_yingyu/loading",3,1],"114":["subject/like/overTips/rongchi",3,1],"115":["subject/yingyu/overTips/huangseyanhua",3,1],"116":["subject/like/overTips/rongchi",7],"117":["images/loadingUI/like/jindu_bg",3,1],"118":["spine/load_jindu/load_jindu",5],"119":["prefab/panel/StarCount_like",4],"120":["subject/yuwen/overTips/ni zhen bang",7],"121":["subject/yingyu/overTips/hongseyanhua",3,1],"122":["spine/load_jindu/load_jindu",7],"123":["subject/like/star/perfect_gulugulu",3,1],"124":["images/loadingUI/yingyu/pgbg_jindutiao",3,1],"125":["subject/yingyu/overTips/xiaoyanhua",7],"126":["subject/yingyu/overTips/huangseyanhua",7],"127":["subject/like/star/perfect_pig",3,1],"128":["subject/yingyu/overTips/Excellent",3,1]},"types":["cc.AnimationClip","cc.AudioClip","cc.SpriteAtlas","cc.SpriteFrame","cc.Prefab","cc.Texture2D","cc.Asset","sp.SkeletonData"],"uuids":["029AHBYjBLs5+s6SomLwZK","04HT3p3lFFfpBhlPaCMR3K","19BaZW1GtBiI5mNVuqvz7C","20qAI+DARHcK/qTQmLKP9h","23rt1Alw9BnbMpkjI3Zs5h","2eeNiESihNjan3whga3Ndu","2fgCUTNIdEK5jrrr3SyASE","34ihn/a7ZNv58dRlWEDe84","44W1sFva9KJa9beh23pf6C","451AidmIdGALxg8bKHuVYp","4a7E1g16dHAK/BBpWZbJL5","58MfI42OJASKcPaEj0RgZp","5e/U1q0xlB/ayx6/xNYobB","61lLKOcthH3rb7tTQJQvDh","6ay0BwSa5PhaUezcxbgna8","6c60PA6i5DSaoBcODaMgtd","6eo/24m4BCfovj+lIN5zxk","6fcwger6ZG/KMUvg6CR1FD","748/OHRxVFMYuwjCotOTkY","82j+sWOk9NAamuIcu9Ox8C","84/hSGvq1FT5QscMit492m","8aa9Y+YPBCwJQwKE5Jl4PE","8cRFj92nFG8LfHhtaqzJIb","96yDsR4HlPG7I+ooZ37py2","9cAS+QvalD4Z/ch9V3iqdY","9dJGTc2XhDeIat4F7CCHv7","a4R86Sr89Os66wCUxJTH7e","a6jDZmLptAz50EMa+oP91m","adnDEp0idCsJ+qjl7lokZU","b049l0WjxHoJG5cfbP5xY4","beHRjnZPFIpLW/EJRDoeJT","cddU47EfJNDYkVjDFSqasI","cejZZ8JhxJVoSGDq+9Vp6p","cfM0jVq5hCK6AQYG06I0kb","dcVRwe9ZNI16N3PhK5znhc","df8GCSJhhDn6LfdL8hQKH8","e4dTcn4mVEQbB7QwZkPOzL","e6ns0/cPpLzrg0C8FEbF7K","eb7sFZHXZF4Ygb4SxSBpJb","f68DN6aBhKW6xok5lSLgWP","011+ZKlcNFwpW/BEDI0Vp2","0bUf8NCyVOw5ImkWX7cO2w","0b9HOG5itBZZU8VECJsv7X","13FqkcCzxAj6gI6QkUuoij","13gk2nDEBL9ZkeSDKaQbOM","14wMZVb2ZHfo5MVR7LhgVd","15xfMuKiJE1ajcG1rVTdzs","15ebd0f0f","16h6eS5DxDIopvFE1hhsWZ","18aw6xgLBH/oYZxvU9SBk3","1aRe86V4tD7JwYTrYicUj9","1akZQdoVJC661JfWSkWGgf","1b02a101e","1c293323a","1dNqXYYV9Iba+u4Jxn/lxn","1dbMz1NT5MEJvcKZuZIJ8R","1fh9gNBzFEEr9Y3AYlXxvx","20zq4M1HBBjalWuAkl1mtk","23tfaFTadI1qHWfPoTQC/t","29zej73Z9JgY68Lr7E+2Wz","2b+T20VexDkItT24X+ymuO","30+6XE2mFNQoRxvBCSX9pb","31dyOYhK5DH6xtK1ew1mdi","32onFG1nRIqalqUxymqq3+","32o/oUApVEsbMycQJ1P4gf","3bjhdI33JNBZ0mda5wEMZc","40tAgzFuZEyrlxllQcld4R","47t8O2AQJMm5ti7zYMym9W","4bl35DD65G5KOm/6ETG/r1","4cGUCc50FJN64LTikC9wEh","51b9HfdFtPQIOYB/yEV7Y5","52z98+wC1PgIfqDtnKqLEo","53ihPxzDhJ7aqoXyV3od1L","56nbVzVIdNb55EEEyhselO","5eir4PFQZEvL6d1CS7By2U","60ljiFIUJBIqhw4oTavFzw","63v1+BliFBzpN903NWBLpb","65gkzT81ZAcIKI07t/rrua","66IE5zJJpOmJ5iwHe2imNf","68f6EturBEu5SF5f7PF61J","68tJD0ShRKaJp6+0b1HjQF","69JdsLysdA4YZxMeLbOhVz","6cb62PnQlCp7wZHq/pexLM","71lEdSTSBOK7cdRfh05sbX","72qOwd+yVBCKj8ws0IcuL2","755fkrPm1GealgXv22KD0z","76OlHWMbZC75J0XVSi3dgZ","78/dcSo/JEdafSAhXCTM6e","7cbR0rLc9EA7ZUytz3tA+x","81IUWcisVCl5pQ0hqq8L81","87J4U6piVEmZZGBf1iJ6L2","88GVySgb1MA4JPDp50upJ0","8en2pOgl1I57v0weXh1FKP","93u2P5heJI+qXs6oddCrFt","95QRVhLG1CX5u3wB4GSa05","95sjkbcW1K9ZTlBKT2I/QE","957/y56+FODYrW30iWGWFc","981/3smpROMrTk7t33FwSk","9arwpCFK5FI4hefEedXLtQ","9b4np7sSJMHLOBZs4Yo7cD","9d1MW4YXZB+Yv5RLFS78aZ","9fK5T8/m9CPYyn/Pm8tgC9","a5p08S5rVGGrHgprq1wtnS","adVmhm3HNEQZ9BVZjJwWCZ","afoY72nZNI64QPyDWB0xxk","afyx+38S9CvIRg4zK+8BBt","b6zAMta8FItL2yCWy4WWIZ","baG0fqwwdHA6BWX/YVTDzr","baP7UpxG5M+Y4iNrFtNpbz","batH8HNLFKvatt6hP9hs2m","c0b7GoEsBLWKPCWZX7Qhmq","c6NDNaFH1Id4UTz4wiC9Zp","c8pvs8xL1FzKAB2yB/RFbu","c8uhb2cJRDdYQUM2B+WZZL","cc8/z2sXxI54HPHlFOWBXl","d0MyNj+ppOOJ7a6urrjL8S","d02yjpH/dAwo4p7+ecH44O","d2NAKKr7lPioV14lP40bo+","d2swUMqEJPFIT3Mo1OqVSt","d5U9l6MaNIQbTI+nEiIbTI","d8c8na9AFKZL1tkhd4O7ER","e0H6Kee/BGo7QPEwdgAW+t","e3yb1aGZpADpPUnbsrvFzW","e6PsKf5nxAJqADZ4Jn0JuM","edxGfl8ItI4KpjNQIP4FWb","eeCQ21LARPY6BRORX4Lble","f248EHSLpFN6um3Av7REd2","fc/X8ZDR1HsKTZKpDFy1pb","fdEC1ceWNNt7mmnuxmsIYA","34uTvhTkpKX5QImjV+9PHh","40YpoDiwZBtqVEzCBCNozc","4aa1qXX79K7pEOS+fLjhU3","5ehMh95LNFdbvgB+q34kyu","6abpXAcTNDgKA+YWYhLFnd","6agUCm059NM6Jx4vUH4fLS","7a/QZLET9IDreTiBfRn2PD","84g4U40z9Hf7BpVQYFlhB4","89e//VbpdGS6dqDaRFLeCR","8fF5VfAapEwqMeUSGV9ij/","94F87cYOVO877kCq3XbJpu","a2BOWRyEVFhYwh2QS25ws5","b9nj2KII9G54JBmukQ7Qy5","d8964cpqBIo4L3eFNcBm6P","d9rxVLy0xBnquwBTgsFvyo","dd5iJ4SXlFNrdysZI/nhy7","ebOD88xbhLspYnKueMlcYT","ecpdLyjvZBwrvm+cedCcQy"],"scenes":{},"redirect":[41,0,46,0,55,0,61,0,130,0,66,0,67,1,69,0,72,0,73,0,74,0,86,0,135,2,89,1,136,0,90,0,104,0,117,0,118,0,144,0,122,0,146,2,124,0],"deps":["main","resources","internal"],"packs":{"0271a1bfb":[78,84],"0772a1298":[42,129,131,132,133,134,137,138,139,140,141,142,145],"07dbf2c1b":[63,102],"08da59fae":[1,47,2,52,53,5,9,11,13,20,21,26,27,31,37,38,39],"0a96a28d3":[64,92]},"name":"frameRes","importBase":"import","nativeBase":"native","debug":false,"isZip":false,"encrypted":false,"versions":{"import":[40,"d3a13","0271a1bfb","1a28d",0,"b0e1a","0772a1298","ff275","07dbf2c1b","552df","08da59fae","6da1a","0a96a28d3","f88d7",43,"5eb03",44,"40bd5",45,"4f4eb",48,"f875d",49,"11a4c",50,"da035",51,"6e983",54,"f158a",56,"76bc5",3,"c883e",57,"b1cd5",4,"f14d0",58,"ba416",59,"89d75",60,"f75db",6,"50937",62,"1be72",7,"e3765",65,"1e758",8,"3e6a2",10,"88814",68,"629d1",70,"55130",71,"687cd",12,"d3122",75,"6d3c2",76,"69788",77,"71b84",79,"76b1b",80,"d436f",81,"01367",14,"65c1c",82,"56eaa",15,"3d014",16,"cacee",17,"358de",83,"95022",18,"13d71",85,"f7799",87,"732a9",88,"494cf",19,"0e63c",91,"ed306",22,"625e0",93,"b2203",94,"615f7",95,"41650",96,"f6d5c",23,"16d92",97,"4cdfc",98,"be0f7",99,"8089c",24,"43e59",25,"a951a",100,"bbe3f",101,"7ef48",103,"b955b",28,"afd8d",105,"0e1d9",29,"4b4f5",106,"03309",107,"7659b",108,"8d5d8",109,"7ab61",30,"ce278",110,"610c9",111,"972ef",112,"6a951",113,"2991b",114,"e835d",32,"6a727",33,"d4e35",115,"134bd",116,"87806",119,"b77bf",120,"52c22",143,"9ef32",34,"b016a",35,"2a99d",121,"ce39d",36,"e443a",123,"f1019",125,"30371",126,"f15cb",127,"87d07",128,"5ba65"],"native":[0,"97f51",1,"c31b3",47,"bfd9c",2,"29c0d",52,"f4124",53,"e32f2",3,"377fd",4,"8313b",5,"6867d",6,"8b09e",7,"b99a2",8,"0ab5d",9,"4418e",10,"ab90b",11,"17dd6",12,"23101",13,"f02b3",14,"4e68d",15,"64f74",16,"3b9f6",17,"2fbb7",18,"581e6",19,"6d93b",20,"a22d2",21,"f2d96",22,"a3765",23,"fa709",24,"a9b9f",25,"23045",26,"0ccc5",27,"dbcf6",28,"e7008",29,"7e770",30,"c629c",31,"7b179",32,"92f79",33,"e8a80",34,"687de",35,"dc65e",36,"59192",37,"0b3b2",38,"6f45f",39,"f6a65"]}}