[1,["ecpdLyjvZBwrvm+cedCcQy","7a/QZLET9IDreTiBfRn2PD","76OlHWMbZC75J0XVSi3dgZ","d02yjpH/dAwo4p7+ecH44O","c0b7GoEsBLWKPCWZX7Qhmq","51b9HfdFtPQIOYB/yEV7Y5","88GVySgb1MA4JPDp50upJ0","32o/oUApVEsbMycQJ1P4gf","8en2pOgl1I57v0weXh1FKP"],["node","_spriteFrame","_N$skeletonData","root","data"],[["cc.Node",["_name","_active","_opacity","_components","_prefab","_contentSize","_parent","_trs","_children","_color","_anchorPoint"],0,9,4,5,1,7,2,5,5],["cc.Widget",["_alignFlags","_originalWidth","_originalHeight","node"],0,1],["cc.PrefabInfo",["fileId","root"],2,1],["cc.Sprite",["_sizeMode","node","_materials","_spriteFrame"],2,1,3,6],["cc.Prefab",["_name"],2],["cc.BlockInputEvents",["node"],3,1],["cc.Label",["_fontSize","_lineHeight","_N$horizontalAlign","_N$verticalAlign","_N$overflow","node","_materials"],-2,1,3],["sp.Skeleton",["defaultSkin","_preCacheMode","_animationName","node","_materials","_N$skeletonData"],0,1,3,6],["f496fZ+e7dBKotK1z+dphJ7",["node"],3,1],["d402btyepNJObcDSUkLUQcr",["node"],3,1]],[[2,0,1,2],[0,0,6,3,4,5,2],[0,0,1,6,3,4,5,7,3],[3,1,2,3,1],[7,0,1,2,3,4,5,4],[4,0,2],[0,0,8,3,4,5,2],[0,0,2,6,3,4,9,5,3],[0,0,6,3,4,5,10,7,2],[0,0,6,3,4,5,7,2],[0,0,1,6,8,3,4,5,7,3],[1,0,3,2],[1,0,1,2,3,4],[5,0,1],[2,1,1],[3,0,1,2,3,2],[6,0,1,2,3,4,5,6,6],[8,0,1],[9,0,1]],[[5,"OverTips_like"],[6,"OverTips",[-3,-4,-5,-6,-7,-8,-9,-10],[[18,-2]],[14,-1],[5,2048,1152]],[10,"_btn_replay",false,1,[-13,-14],[[17,-12]],[0,"2frVKY2C5DlZfJURFXJJRc",-11],[5,400,180],[0,-380,0,0,0,0,1,1,1,1]],[1,"New Node",1,[[11,45,-15],[13,-16]],[0,"a9Z7PnqalCfKHFZWPIz9T4",1],[5,2048,1152]],[7,"singleColor",127,1,[[15,0,-17,[0],1],[12,45,2,2,-18]],[0,"e6APao66xOFrE0D9NqdehC",1],[4,4278190080],[5,2048,1152]],[8,"_lb_tips",1,[[16,36,50,1,1,3,-19,[2]]],[0,"b3VUTRZiRAgIE4ZS0Vp0em",1],[5,623.2,63],[0,0.5,1],[-32.599998474121094,-212,0,0,0,0,1,1,1,1]],[9,"_sp_complete",1,[[4,"default",0,{"0":"s","1":"t","2":"a","3":"n","4":"d"},-20,[3],4]],[0,"cfqPJ7wutLvYKji8Wr0Lcz",1],[5,2850.15,719.71],[-139,-122,0,0,0,0,1,1,1,1]],[2,"_sp_false",false,1,[[4,"default",0,"false",-21,[5],6]],[0,"d7Q0/NYp9Gha0naWKubkJq",1],[5,1272.18,940.02],[0,-184,0,0,0,0,1,1,1,1]],[2,"_sp_true",false,1,[[4,"default",0,"true",-22,[7],8]],[0,"9dg46tAZhB3o8nuBggQJKN",1],[5,1061.92,699],[-11,-149,0,0,0,0,1,1,1,1]],[2,"_btn_close",false,1,[[3,-23,[9],10]],[0,"39j4fN5PFCs5qz5TPLl1t9",1],[5,91,111],[540.7000122070312,309.29998779296875,0,0,0,0,1,1.2,1,1]],[1,"btn_playAgain_normalbg",2,[[3,-24,[11],12]],[0,"d1iiKo1tlBNJ7GfBGl3+Hu",2],[5,400,180]],[1,"btn_playAgain_normal",2,[[3,-25,[13],14]],[0,"21l9KEn8pLLZ++GOLKbxXB",2],[5,380,160]]],0,[0,3,1,0,0,1,0,-1,3,0,-2,4,0,-3,5,0,-4,6,0,-5,7,0,-6,8,0,-7,9,0,-8,2,0,3,2,0,0,2,0,-1,10,0,-2,11,0,0,3,0,0,3,0,0,4,0,0,4,0,0,5,0,0,6,0,0,7,0,0,8,0,0,9,0,0,10,0,0,11,0,4,1,25],[0,0,0,0,0,0,0,0,0,0,0,0,0,0,0],[-1,1,-1,-1,2,-1,2,-1,2,-1,1,-1,1,-1,1],[0,2,0,1,3,1,4,1,5,0,6,0,7,0,8]]