[1,["71VhFCTINJM6/Ky3oX9nBT","02delMVqdBD70a/HSD99FK","56fc2Ai/RFNYpaMT8crweK"],["_textureSetter"],["cc.SpriteFrame"],0,[[[{"name":"default_btn_disabled","rect":[0,0,40,40],"offset":[0,0],"originalSize":[40,40],"capInsets":[12,12,12,12]}],[0],0,[0],[0],[0]],[[{"name":"default_sprite_splash","rect":[0,0,2,2],"offset":[0,0],"originalSize":[2,2],"capInsets":[0,0,0,0]}],[0],0,[0],[0],[1]],[[{"name":"default_radio_button_off","rect":[3,3,26,26],"offset":[0,0],"originalSize":[32,32],"capInsets":[0,0,0,0]}],[0],0,[0],[0],[2]]]]