{"paths":{},"types":[],"uuids":["1dbMz1NT5MEJvcKZuZIJ8R","1f8073eb5","3dxE1aiidOyrWNiRFMND29","53ihPxzDhJ7aqoXyV3od1L","91DYkNYalNwbka2me8VBnS","a7XpTcBb1Epb2rr3or7Xan","d2swUMqEJPFIT3Mo1OqVSt","0bUf8NCyVOw5ImkWX7cO2w","15xfMuKiJE1ajcG1rVTdzs","30+6XE2mFNQoRxvBCSX9pb","40YpoDiwZBtqVEzCBCNozc","40tAgzFuZEyrlxllQcld4R","4cGUCc50FJN64LTikC9wEh","56nbVzVIdNb55EEEyhselO","5eir4PFQZEvL6d1CS7By2U","76OlHWMbZC75J0XVSi3dgZ","7a/QZLET9IDreTiBfRn2PD","84g4U40z9Hf7BpVQYFlhB4","87J4U6piVEmZZGBf1iJ6L2","a2MjXRFdtLlYQ5ouAFv/+R","afoY72nZNI64QPyDWB0xxk","d2NAKKr7lPioV14lP40bo+","dd5iJ4SXlFNrdysZI/nhy7","e3yb1aGZpADpPUnbsrvFzW","ecpdLyjvZBwrvm+cedCcQy","edxGfl8ItI4KpjNQIP4FWb"],"scenes":{"db://assets/frame/scene/Teacher.fire":5},"redirect":[15,0,16,1,19,0,24,1],"deps":["resources","internal"],"packs":{"024aec064":[7,8,9,10,11,12,13,14,17,18,5,20,21,22,23,25],"0a8b3afb7":[0,1,2,3,4,6]},"name":"main","importBase":"import","nativeBase":"native","debug":false,"isZip":false,"encrypted":false,"versions":{"import":["024aec064","f36fb","0a8b3afb7","57a07"],"native":[0,"6570a",1,"e15f0",2,"c09d3",3,"8f6d9",4,"f429d",6,"a17f5"]}}